id,text,n_corp,n_disease,n_medicine
1-1,加强肥水供应，使用黄腐酸钾上喷下灌养根护叶进行调理。,[],[],[]
1-2,主要是根系发育不良吸收能力差造成生长缓慢。建议冲施益沛蔬复合微生物菌剂或甲壳素等促根壮苗。,[],['根系发育不良'],"['微生物菌剂', '甲壳素']"
2-1,着色，考虑温度，光照，用肥问题，或者土壤水分含量过低，等因素导致，建议合理增加光合作用，避免夜温过高，避免偏重钾肥，合理疏果，促进果子膨大，着色。,[],[],['钾肥']
2-2,病毒病用氨基寡糖素阿泰灵宁南霉素,[],['病毒病'],"['氨基寡糖素', '宁南霉素']"
3-1,多考虑天气变化。温度不适，根系吸收不良，或者用药，导致生理性症状，可用生物菌肥灌根养根，叶面芸苔素内酯喷雾缓解,[],[],"['生物菌肥', '芸苔素内酯']"
3-2,用药不当导致的喷施碧护缓解,[],['用药不当'],['碧护']
4-1,药害，可选用益沛蔬复合微生物菌剂或阿泰灵等喷施缓解。,[],[],['微生物菌剂']
4-2,你好考虑日灼，防治因为高温干旱，缺少遮阳引起，可用糖醇钙，硫酸铜，螯合钙喷雾缓解改善。,[],[],"['糖醇钙', '，硫酸铜', '，螯合钙']"
5-1,细菌性果腐病，主要以预防为主。发病初期，可以用噻唑锌，中生菌素，春雷霉素，叶枯唑，氯溴异氰尿酸，松脂酸铜，噻菌铜等交替使用喷雾防治。,[],['细菌性初期'],"['噻唑锌', '生菌素', '，春雷霉素', '，叶枯唑', '，氯溴异氰尿酸', '，松脂酸铜', '，噻菌铜']"
5-2,细菌性果腐病，可用春雷喹啉铜，叶枯唑，乙蒜素，嘧霉胺，苯甲中生，精甲王铜，噻菌铜，春雷霉素，喹啉铜防治,[],['细菌性'],"['啉铜', '，叶枯唑', '，乙蒜素', '，嘧霉胺铜', '，噻菌铜', '，春雷霉素', '，喹啉铜']"
6-1,你好，考虑根腐病，控水比较好，可用精甲霜灵咯菌腈，枯草芽孢杆菌复配甲霜恶霉灵五百倍液灌根，连用二到三次，间隔五到七天，也可用络氨铜，硫酸铜钙。,[],"['根腐病', '枯草芽孢杆菌']","['霜灵', '咯菌腈', '甲霜恶霉灵', '络氨铜', '，硫酸']"
6-2,土壤问题。根腐病、茎基腐病，多年化肥用多了，土壤有机质少，板结,[],"['根腐病', '茎基腐病']",[]
7-1,疫病，用烯酰吗啉，腈菌锰锌，霉多克，抑快净，吡唑醚菌酯，氟吗锰锌，烯酰锰锌，氰霜唑喷雾防治。,[],['疫病'],"['烯酰吗啉菌锌霉', '，吡唑醚菌酯锌', '，烯锌', '，氰霜唑']"
7-2,疫病，72·2％普力克 AS600 倍 77％可杀得 WP1000 倍 20％噻森铜 SC500 倍灌根中心周边植株或 5％科佳 1500 倍，66·8％霉多克 WP600 倍或 50％安克 WP2000 倍 50％施得益 WP500－600 倍百泰 EC1000 倍，52·5％抑快净 WG2000－3000 倍，40％疫霜灵 WP400 倍或 72％克露 WP1000 倍 25％凯润 EC2000 倍，64％杀毒矾 WP600 倍或 86·2％铜大师 WP2000 倍或 80％疫霜灵 WP700 倍，68％金雷多米尔 WP1000 倍,[],['疫病'],['得％霉多灵2％克露％杀毒矾灵']
8-1,土壤盐渍化，叶缘吐水排盐积累中毒。建议冲施益沛蔬复合微生物菌剂（液化淀粉芽孢杆菌、纳豆芽孢杆菌、地衣芽孢杆菌），改良盐渍化、保护根系、防治盐害。,[],"['土壤盐渍化孢杆菌孢杆菌', '地衣芽孢杆菌']","['，叶缘', '微生物菌剂芽芽']"
8-2,根系不好，缺镁，用腐植酸和枯草芽孢杆菌灌墩，叶面喷施碧护和螯合镁。,[],"['根系不好', '枯草芽孢杆菌']","['腐植酸', '碧护']"
9-1,土壤环境差根系发育不良冲施腐殖酸枯草芽孢杆菌,[],"['根系发育不良', '枯草芽孢杆菌']",[]
9-2,根系不好，冲施枯草芽孢杆菌养根系生根，叶面喷施氨基酸加碧护缓解下，7 到 10 天喷施一次,[],"['根系不好', '枯草芽孢杆菌']","['氨基酸', '碧护']"
10-1,土壤环境差根系发育不良冲施腐殖酸枯草芽孢杆菌,[],"['根系发育不良', '枯草芽孢杆菌']",[]
10-2,辣椒根腐病危害，建议选用内吸性杀菌剂乙蒜素 + 甲基硫菌灵、溴菌腈等配合碧护或阿泰灵喷施防治。,['辣椒'],['根腐病'],"['杀菌剂', '乙蒜素', '+ 甲基硫菌灵', '溴菌腈', '碧护']"
11-1,用药不当导致的喷施碧护缓解,[],['用药不当'],['碧护']
11-2,你好，注意疫病，防治可用烯酰吗啉，氟吗啉，霜霉威盐酸盐，霜脲锰锌，甲霜锰锌，增威赢绿，银法利，氰霜唑防治,[],['疫病'],"['烯酰吗啉', '，氟吗啉', '，霜霉威盐酸盐', '，霜脲锰锌甲霜锌', '，氰霜唑']"
12-1,日烧病，建议喷施益沛蔬复合微生物菌剂或阿泰灵等，提高抗逆性。,[],['病'],['微生物菌剂']
12-2,日灼果叶面喷施熬合钙肥缓解,[],['灼果'],[]
13-1,疫病对口杀菌剂药效较好的有 80% 大生可湿性粉剂、58% 代森锰锌可湿性粉剂、72·2% 普力克、50% 安克、53% 雷多米尔、60% 灭克可湿性粉剂、52·5% 抑快净水分散粒剂、72% 霜疫清可湿性粉剂、75% 百菌清可湿性粉剂、50% 甲霜灵铜可湿性粉剂、72% 杜邦克露可湿性粉剂、25% 烯肟菌酯乳油、25% 阿米西达悬乳剂、69% 的安克锰锌可湿性粉剂,[],['疫病'],"['杀菌剂', '湿性粉剂', '代森锰锌', '湿性粉剂', '72·2% 普力克% 雷多米尔', '湿性粉剂', '72% 霜疫清', '湿性粉剂', '75% 百菌清', '湿性粉剂甲霜灵', '湿性粉剂', '克露', '湿性粉剂%肟菌酯锌', '湿性粉剂']"
13-2,疫病用烯酰吗啉霜霉威防治,[],['疫病'],"['烯酰吗啉', '霜霉威']"
14-1,脐腐病这种情况是由于生理性缺钙造成建议叶面喷施氨基酸钙或糖醇钙 + 碧护 + 磷酸二氢钾喷雾调节防治,[],['脐腐病钙'],"['氨基', '糖醇钙', '+ 碧护', '+ 磷酸二氢钾']"
14-2,疫病对口杀菌剂药效较好的有 80% 大生可湿性粉剂、58% 代森锰锌可湿性粉剂、72·2% 普力克、50% 安克、53% 雷多米尔、60% 灭克可湿性粉剂、52·5% 抑快净水分散粒剂、72% 霜疫清可湿性粉剂、75% 百菌清可湿性粉剂、50% 甲霜灵铜可湿性粉剂、72% 杜邦克露可湿性粉剂、25% 烯肟菌酯乳油、25% 阿米西达悬乳剂、69% 的安克锰锌可湿性粉剂,[],['疫病'],"['杀菌剂', '湿性粉剂', '代森锰锌', '湿性粉剂', '72·2% 普力克% 雷多米尔', '湿性粉剂', '72% 霜疫清', '湿性粉剂', '75% 百菌清', '湿性粉剂甲霜灵', '湿性粉剂', '克露', '湿性粉剂%肟菌酯锌', '湿性粉剂']"
15-1,干旱严重了，枯萎病，根腐病，青枯病都有可能,[],['萎病腐病枯病'],[]
15-2,不是青枯病，考虑温度不适或根系吸收不好，可用腐植酸灌根，叶面喷施碧护，磷酸二氢钾缓解,[],['青枯病'],"['腐植酸', '碧护', '，磷酸二氢钾']"
16-1,高温日灼或生理性缺硼钙导致的，可叶面喷施速乐硼，螯合钙，磷酸二氢钾调理,[],['硼'],"['速乐硼', '，螯合钙', '，磷酸二氢钾']"
16-2,高温灼伤。建议喷施益沛蔬复合微生物菌剂或阿泰灵等，提高抗逆性。,[],['高温灼伤'],['微生物菌剂']
17-1,考虑温度不适或根系发育不良导致建议随水冲施腐殖酸 + 枯草芽孢杆菌，促进根系生长发育，叶面喷施碧护 + 磷酸二氢钾调节生长,[],['根系发育不枯草芽孢杆菌'],"['碧护', '+ 磷酸二氢钾']"
18-1,如果大面积发生，考虑温度不适或药害导致个别现象考虑炭疽病危害叶面可用碧护 + 肟菌戊唑醇 + 磷酸二氢钾或氨基酸叶面肥调节,[],['炭疽'],"['碧护', '+ 肟菌戊唑醇', '+ 磷酸二氢钾', '氨基酸叶面肥']"
18-2,炭疽病，用咪鲜胺锰盐，苯甲溴菌腈，腐霉利，炭疽福美，溴菌腈，啶氧菌酯，吡唑醚菌酯喷雾防治。,[],['炭疽病疽'],"['咪鲜胺锰盐', '，苯甲溴菌腈', '，腐霉利', '，溴菌腈', '，啶氧菌酯', '，吡唑醚菌酯']"
18-3,如果大面积发生，考虑温度不适或药害导致个别现象考虑炭疽病危害叶面可用碧护 + 肟菌戊唑醇 + 磷酸二氢钾或氨基酸叶面肥调节,[],['炭疽'],"['碧护', '+ 肟菌戊唑醇', '+ 磷酸二氢钾', '氨基酸叶面肥']"
19-1,煤污病用腐霉利嘧霉胺异菌脲联苯菊酯螺虫乙酯噻虫嗪,[],['煤污病'],"['腐霉利', '嘧霉胺', '异菌脲联苯菊酯', '螺虫乙酯', '噻虫嗪']"
19-2,多考虑，低温冻害天气变化。温度不适，根系吸收不良，或者用药，导致生理性症状，可用生物菌肥灌根养根，叶面芸苔素内酯喷雾缓解,[],[],"['生物菌肥', '芸苔素内酯']"
19-3,煤污病用腐霉利嘧霉胺异菌脲联苯菊酯螺虫乙酯噻虫嗪,[],['煤污病'],"['腐霉利', '嘧霉胺', '异菌脲联苯菊酯', '螺虫乙酯', '噻虫嗪']"
20-1,根腐病 - 属于土传播疾病，由土壤中残留病菌传染导致建议用 25% 甲霜·霜霉威 125-187 克 / 亩喷雾50% 王铜·甲霜灵 100-125 克 / 亩喷雾56% 甲硫·恶霉灵 600-800 倍液灌根10 亿个 / 克枯草芽孢杆菌 150-200 克 / 亩喷雾20% 二氯异氰脲酸钠 300-400 倍液灌根30% 精甲·恶霉灵 15-18 毫升 / 亩喷雾3% 甲霜·恶霉灵 500-700 倍液灌根可以用以上药剂 + 生根剂喷淋茎杆灌根防治,[],"['根腐病', '枯草芽孢杆菌']","['% 甲霜·霜霉威王铜', '甲霜灵% 甲硫霉灵二氯钠霉灵% 甲霜霉灵根剂']"
20-2,疫霉茎基腐病危害。建议选用 68·75% 霜霉威盐·氟吡菌胺悬浮液剂 800 倍液、50% 烯酰吗啉可湿性粉剂 1000 倍液等喷施防治。,[],['疫霉基腐病'],"['5% 霜霉威盐·氟吡菌胺烯酰吗啉', '湿性粉剂']"
20-3,根腐病 - 属于土传播疾病，由土壤中残留病菌传染导致建议用 25% 甲霜·霜霉威 125-187 克 / 亩喷雾50% 王铜·甲霜灵 100-125 克 / 亩喷雾56% 甲硫·恶霉灵 600-800 倍液灌根10 亿个 / 克枯草芽孢杆菌 150-200 克 / 亩喷雾20% 二氯异氰脲酸钠 300-400 倍液灌根30% 精甲·恶霉灵 15-18 毫升 / 亩喷雾3% 甲霜·恶霉灵 500-700 倍液灌根可以用以上药剂 + 生根剂喷淋茎杆灌根防治,[],"['根腐病', '枯草芽孢杆菌']","['% 甲霜·霜霉威王铜', '甲霜灵% 甲硫霉灵二氯钠霉灵% 甲霜霉灵根剂']"
21-1,霜霉病，可选用银发利、増威赢绿，甲霜·锰锌或霜脲·锰锌、烯酰·锰锌、嘧菌酯、氰霜唑、霜脲氰、烯酰吗啉、氟吗啉等杀菌剂进行喷雾防治。,[],['霜霉病'],"['，甲霜·锰锌', '霜脲·锰锌', '烯酰·锰锌', '嘧菌酯', '氰霜唑', '霜脲氰', '烯酰吗啉', '氟吗啉', '杀菌剂']"
21-2,霜霉病危害使用银法利或克露或增威赢绿防治,[],['霜霉病'],['克露']
21-3,霜霉病，可选用银发利、増威赢绿，甲霜·锰锌或霜脲·锰锌、烯酰·锰锌、嘧菌酯、氰霜唑、霜脲氰、烯酰吗啉、氟吗啉等杀菌剂进行喷雾防治。,[],['霜霉病'],"['，甲霜·锰锌', '霜脲·锰锌', '烯酰·锰锌', '嘧菌酯', '氰霜唑', '霜脲氰', '烯酰吗啉', '氟吗啉', '杀菌剂']"
22-1,土壤环境差，用腐植酸和枯草芽孢杆菌灌墩。,[],['枯草芽孢杆菌'],['腐植酸']
22-2,考虑温度不适或土壤环境差，根系发育不良导致建议随水冲施腐殖酸 + 枯草芽孢杆菌，促进根系生长发育，叶面喷施碧护 + 磷酸二氢钾调节生长,[],['系发育不枯草芽孢杆菌'],"['碧护', '+ 磷酸二氢钾']"
22-3,土壤环境差，用腐植酸和枯草芽孢杆菌灌墩。,[],['枯草芽孢杆菌'],['腐植酸']
23-1,果子小，就开始发红着色，考虑温度，光照，用肥问题，或者土壤水分含量过低，等因素导致，建议合理增加光合作用，避免夜温过高，避免偏重钾肥，合理疏果，促进果子膨大，着色。,[],[],['钾肥']
23-2,光合营养物质供应不足造成的。建议喷施磷酸二氢钾 + 苯肽胺酸，调节水分和茎叶光合营养物质向果实运转。,[],['供应不足'],['磷酸二氢钾 ']
23-3,果子小，就开始发红着色，考虑温度，光照，用肥问题，或者土壤水分含量过低，等因素导致，建议合理增加光合作用，避免夜温过高，避免偏重钾肥，合理疏果，促进果子膨大，着色。,[],[],['钾肥']
24-1,是疫病危害，可选用银法利或增威赢绿等喷施防治。,[],['疫病危害'],[]
24-2,建议控制氮肥用量，增加磷、钾肥，叶面用碧护 + 速乐硼 + 鳌合钙喷施调节,[],[],"['钾肥', '碧护', '+ 速乐硼', '+ 鳌合钙']"
24-3,是疫病危害，可选用银法利或增威赢绿等喷施防治。,[],['疫病危害'],[]
25-2,考虑温度不适或土壤环境差，根系发育不良导致建议随水冲施腐殖酸 + 枯草芽孢杆菌，促进根系生长发育，叶面喷施碧护 + 磷酸二氢钾调节生长,[],['系发育不枯草芽孢杆菌'],"['碧护', '+ 磷酸二氢钾']"
26-1,温度不适或药害导致叶面可用碧护 + 磷酸二氢钾或氨基酸叶面肥调节,[],[],"['碧护', '+ 磷酸二氢钾', '氨基酸叶面肥']"
26-2,温度不适，用药不当，叶面喷施碧护或芸苔素内酯缓解。,[],['药不当'],"['碧护', '芸苔素内酯']"
26-3,温度不适或药害导致叶面可用碧护 + 磷酸二氢钾或氨基酸叶面肥调节,[],[],"['碧护', '+ 磷酸二氢钾', '氨基酸叶面肥']"
27-1,茎基腐病，用恶霉灵加枯草芽孢杆菌灌墩。,[],"['茎基腐病', '枯草芽孢杆菌']",['恶霉灵']
27-2,疫霉茎基腐病危害，可选用 10% 氰霜唑悬浮剂 200 倍液、58% 精甲霜·锰锌可湿性粉剂 600 倍液等喷淋茎基防治。,[],['疫霉基腐病'],"['氰霜唑% 甲霜·锰锌', '湿性粉剂']"
28-1,土壤酸化严重，增施有机肥和生物菌肥，用硅钙钾镁肥调理。,[],[],"['有机肥', '生物菌肥']"
28-3,土壤酸化严重，增施有机肥和生物菌肥，用硅钙钾镁肥调理。,[],[],"['有机肥', '生物菌肥']"
29-1,脐腐病，缺钙引起。叶面喷施螯合钙。,[],"['脐腐病', '，缺钙']",['螯合钙']
29-2,辣椒脐腐病危害，缺钙造成的。建议控制氮、钾肥施用量，以防影响钙的吸收与运转。喷施糖醇钙或氨基酸钙等防治。,['辣椒'],"['脐腐病', '，缺钙']","['钾肥', '糖醇钙', '氨基']"
29-3,辣椒脐腐病危害，缺钙造成的。建议控制氮、钾肥施用量，以防影响钙的吸收与运转。喷施糖醇钙或氨基酸钙等防治。,['辣椒'],"['脐腐病', '，缺钙']","['钾肥', '糖醇钙', '氨基']"
30-1,土壤环境差根系发育不良冲施腐殖酸枯草芽孢杆菌,[],"['根系发育不良', '枯草芽孢杆菌']",[]
30-2,图片显示是施药不当造成的药害。可选用益沛蔬复合微生物菌剂或阿泰灵等喷施缓解。,[],['施药不当'],['微生物菌剂']
30-3,土壤环境差根系发育不良冲施腐殖酸枯草芽孢杆菌,[],"['根系发育不良', '枯草芽孢杆菌']",[]
31-1,病毒感染叶面喷施氨基寡糖素或宁南霉素或香菇多糖防治,[],[],"['氨基寡糖素', '宁南霉素']"
31-2,打什么药了没有？似药害，叶面喷施氨基酸十芸苔素或碧护缓解。,[],[],"['氨基酸', '十芸苔素', '碧护']"
31-3,病毒感染叶面喷施氨基寡糖素或宁南霉素或香菇多糖防治,[],[],"['氨基寡糖素', '宁南霉素']"
32-1,你好，打药没有？考虑用药不当药害引起，可用碧护或者阿泰灵或者芸苔素内酯，复配氨基酸叶面肥或者黄腐酸钾叶面肥，磷酸二氢钾，喷雾调节，连用二次,[],['用药不当'],"['碧护', '芸苔素内酯', '氨基酸叶面肥', '叶面肥', '，磷酸二氢钾']"
32-2,温度不适或药害导致叶面可用碧护 + 磷酸二氢钾或氨基酸叶面肥调节,[],[],"['碧护', '+ 磷酸二氢钾', '氨基酸叶面肥']"
32-3,你好，打药没有？考虑用药不当药害引起，可用碧护或者阿泰灵或者芸苔素内酯，复配氨基酸叶面肥或者黄腐酸钾叶面肥，磷酸二氢钾，喷雾调节，连用二次,[],['用药不当'],"['碧护', '芸苔素内酯', '氨基酸叶面肥', '叶面肥', '，磷酸二氢钾']"
33-1,你好，考虑茎基腐病，防治可用精甲霜灵咯菌腈，枯草芽孢杆菌复配甲霜恶霉灵灌根淋根处理，连用二到三次，间隔五到七天，注意控水。,[],"['茎基腐病', '枯草芽孢杆菌']","['霜灵', '咯菌腈', '甲霜恶霉灵']"
33-2,茎基腐病：是土壤病菌消毒处理不当或重茬导致；病菌感染根系茎杆，植株枯萎死亡，用恶霉灵，枯草芽孢杆菌，多抗霉素灌根防治,[],"['茎基腐病', '枯草芽孢杆菌']","['恶霉灵', '，多抗霉素']"
33-3,你好，考虑茎基腐病，防治可用精甲霜灵咯菌腈，枯草芽孢杆菌复配甲霜恶霉灵灌根淋根处理，连用二到三次，间隔五到七天，注意控水。,[],"['茎基腐病', '枯草芽孢杆菌']","['霜灵', '咯菌腈', '甲霜恶霉灵']"
34-1,似僵蚜，被蚜茧蜂寄生的蚜虫。,[],['蚜虫'],[]
34-2,蚜虫危害，可选用 50% 氟啶虫胺腈水分散剂 10000 倍液、75% 螺虫·吡蚜酮水分散剂 4000 倍液等喷施防治。,[],['蚜虫'],['% 螺虫蚜酮']
34-3,蚜虫危害，可选用 50% 氟啶虫胺腈水分散剂 10000 倍液、75% 螺虫·吡蚜酮水分散剂 4000 倍液等喷施防治。,[],['蚜虫'],['% 螺虫蚜酮']
35-1,霜霉病危害，建议选用 68·75% 霜霉威盐·氟吡菌胺悬浮液剂 800 倍液、50% 烯酰吗啉可湿性粉剂 1000 倍液等喷施防治。,[],['霜霉病'],"['5% 霜霉威盐·氟吡菌胺烯酰吗啉', '湿性粉剂']"
35-2,霜霉病；防治方法：霜霉病预防可用丙森锌，代森锌，丙森锌，嘧菌酯，铜制剂，治用甲霜灵，精甲霜灵，烯酰吗啉，氟吗啉，霉多克，霜霉威等。,[],"['霜霉病', '霜霉病']","['丙森锌', '，代森锌', '，丙森锌', '，嘧菌酯', '甲霜灵', '，精甲霜灵', '，烯酰吗啉', '，氟吗啉霉多', '，霜霉威']"
35-3,霜霉病危害，建议选用 68·75% 霜霉威盐·氟吡菌胺悬浮液剂 800 倍液、50% 烯酰吗啉可湿性粉剂 1000 倍液等喷施防治。,[],['霜霉病'],"['5% 霜霉威盐·氟吡菌胺烯酰吗啉', '湿性粉剂']"
36-1,你好，考虑茎基腐病，防治可用精甲霜灵咯菌腈，枯草芽孢杆菌复配甲霜恶霉灵灌根淋根处理，连用二到三次，间隔五到七天，注意控水。,[],"['茎基腐病', '枯草芽孢杆菌']","['霜灵', '咯菌腈', '甲霜恶霉灵']"
36-2,茎基腐，根腐病 ，可以选用甲霜灵，或·恶霉灵、络氨铜、枯草芽孢杆菌，等药剂灌根防治，可加腐殖酸、氨基酸。,[],"['腐病', '枯草芽孢杆菌']","['甲霜灵', '恶霉灵', '络氨铜', '氨基酸']"
36-3,你好，考虑茎基腐病，防治可用精甲霜灵咯菌腈，枯草芽孢杆菌复配甲霜恶霉灵灌根淋根处理，连用二到三次，间隔五到七天，注意控水。,[],"['茎基腐病', '枯草芽孢杆菌']","['霜灵', '咯菌腈', '甲霜恶霉灵']"
37-1,您好，脐腐病，脐腐病主要是缺钙引起的，用活性硝酸钙根施，叶面用氨基酸加螯合钙喷雾。,[],"['腐病腐病', '缺钙']","['硝酸钙', '氨基酸']"
37-2,是的缺钙引起的脐腐病,[],"['缺钙', '脐腐病']",[]
37-3,您好，脐腐病，脐腐病主要是缺钙引起的，用活性硝酸钙根施，叶面用氨基酸加螯合钙喷雾。,[],"['腐病腐病', '缺钙']","['硝酸钙', '氨基酸']"
38-1,用药不当导致的喷施碧护缓解,[],['用药不当'],['碧护']
38-2,药害导致叶面可用碧护 + 磷酸二氢钾或氨基酸叶面肥调节,[],[],"['碧护', '+ 磷酸二氢钾', '氨基酸叶面肥']"
38-3,药害导致叶面可用碧护 + 磷酸二氢钾或氨基酸叶面肥调节,[],[],"['碧护', '+ 磷酸二氢钾', '氨基酸叶面肥']"
39-1,除草剂残留药害，可叶面喷施碧护，磷酸二氢钾缓解,[],[],"['碧护', '，磷酸二氢钾']"
39-2,打什么药了没有？似药害，叶面喷施氨基酸十芸苔素或碧护缓解。,[],[],"['氨基酸', '十芸苔素', '碧护']"
39-3,除草剂残留药害，可叶面喷施碧护，磷酸二氢钾缓解,[],[],"['碧护', '，磷酸二氢钾']"
40-1,疫病危害，建议选用 68·75% 霜霉威盐·氟吡菌胺悬浮液剂 800 倍液、50% 烯酰吗啉可湿性粉剂 1000 倍液等喷施防治。,[],['疫病危害'],"['5% 霜霉威盐·氟吡菌胺烯酰吗啉', '湿性粉剂']"
40-2,脐腐病，缺钙导致的，叶面喷施氨基酸钙或螯合钙调节。,[],"['脐腐病', '，缺钙']","['氨基', '螯合钙']"
40-3,疫病危害，建议选用 68·75% 霜霉威盐·氟吡菌胺悬浮液剂 800 倍液、50% 烯酰吗啉可湿性粉剂 1000 倍液等喷施防治。,[],['疫病危害'],"['5% 霜霉威盐·氟吡菌胺烯酰吗啉', '湿性粉剂']"
41-1,疫病危害使用银法利或克露或增威赢绿防治,[],['疫病危害'],['克露']
41-2,疫病用先正达瑞凡，双炔酰菌胺 1500-2000 倍液先正达金雷，精甲霜锰锌 100-120 克 / 亩先正达杀毒矾，杀毒矾恶霜灵 + 代森锰锌 200-250 克 / 亩杜邦克露，霜脲锰锌 100-150 克 / 亩杜邦增威赢绿 2000-3000 倍液拜耳银法利 60-75 克 / 亩,[],['疫病'],"['，双炔酰菌胺甲霜锌', '杀毒矾', '，杀毒矾', '恶霜灵', '+ 代森锰锌', '克露', '，霜脲锰锌']"
41-3,疫病危害使用银法利或克露或增威赢绿防治,[],['疫病危害'],['克露']
42-1,用药不当导致的喷施碧护缓解,[],['用药不当'],['碧护']
42-2,肥害或药害等外力损伤造成的，不是病菌性病害。可选用益沛蔬复合微生物菌剂或阿泰灵等喷施缓解。,[],['肥害'],['微生物菌剂']
42-3,肥害或药害等外力损伤造成的，不是病菌性病害。可选用益沛蔬复合微生物菌剂或阿泰灵等喷施缓解。,[],['肥害'],['微生物菌剂']
43-1,建议使用黄腐酸钾上喷下灌养根护叶进行调理。,[],[],[]
43-2,土壤板结，透气性差，温度低湿度大，导致根系吸收障碍生长不良，冲施腐殖酸水溶肥或者生物菌肥，叶面喷施海藻酸或者磷酸二氢钾加芸苔素或者碧护调理。,[],"['土壤板结', '根系吸收障碍']","['水溶肥', '生物菌肥', '海藻酸', '磷酸二氢钾', '碧护']"
43-3,建议使用黄腐酸钾上喷下灌养根护叶进行调理。,[],[],[]
44-1,脐腐病 - 这种情况是由于生理性缺钙造成建议叶面喷施氨基酸钙或糖醇钙 + 碧护 + 磷酸二氢钾喷雾调节防治,[],['脐腐病钙'],"['氨基', '糖醇钙', '+ 碧护', '+ 磷酸二氢钾']"
45-1,白粉病在叶正面有白色霉层，霜霉病在叶正面是黄点，叶背面有灰色霉层,[],"['白粉病', '霜霉病']",[]
45-2,辣椒的霜霉病与白粉病都是以危害叶片为主。在感染霜霉病初期，辣椒叶片正面病斑呈浅绿色，而在感染白粉病初期，辣椒病叶正面出现退绿色小黄点，后来逐渐扩展为边缘不明显的退绿色黄色斑驳。危害严重时，霜霉病会在辣椒叶片背面形成稀疏的白色霉层，病叶变脆变厚并上卷，在叶柄处染病呈褐色水浸状。白粉病在辣椒叶片背面形成的是白色粉状物，而不是霉层，并且病斑密布，严重时全叶变黄脱落。,"['辣椒椒椒', '辣椒', '辣椒']","['霜霉病', '白粉病', '霜霉病初期', '病斑', '白粉病初期', '霜霉病', '白粉病', '病斑']",[]
46-1,脐腐病，缺钙引起，叶面喷施螯合钙。,[],"['脐腐病', '，缺钙']",['螯合钙']
46-2,脐腐病，是缺钙造成的生理性病害，座果后及时喷施硼肥钙肥防治，可以减少脐腐病发生,[],"['脐腐病', '缺钙', '生理性', '脐腐病']",[]
47-1,根腐病用恶霉灵加枯草芽孢杆菌灌根防治或用甲基立枯磷灌根防治或用生根剂加恶霉灵加甲霜灵灌根防治，用药做好二次稀释，7 到 10 天用药一次,[],"['根腐病', '枯草芽孢杆菌']","['恶霉灵', '甲基立枯磷', '恶霉灵', '甲霜灵']"
47-2,根腐病属于土传播疾病，由土壤中残留病菌传染导致建议用 25% 甲霜·霜霉威 125-187 克 / 亩喷雾50% 王铜·甲霜灵 100-125 克 / 亩喷雾56% 甲硫·恶霉灵 600-800 倍液灌根10 亿个 / 克枯草芽孢杆菌 150-200 克 / 亩喷雾20% 二氯异氰脲酸钠 300-400 倍液灌根30% 精甲·恶霉灵 15-18 毫升 / 亩喷雾3% 甲霜·恶霉灵 500-700 倍液灌根可以用以上药剂 + 生根剂喷淋茎杆灌根防治,[],"['根腐病', '枯草芽孢杆菌']","['% 甲霜·霜霉威王铜', '甲霜灵% 甲硫霉灵二氯钠霉灵% 甲霜霉灵根剂']"
48-2,冲施腐殖酸平衡水溶肥，喷施芸苔素氨基酸二氢钾缓解,[],[],"['水溶肥苔', '氨基酸二氢']"
49-1,你好，注意炭疽病，防治可用，42·8% 氟菌肟菌酯 1500 倍液10% 苯醚甲环唑 1500 倍液25% 吡唑醚菌酯 1500 倍液75% 肟菌戊唑醇 4000/6000 倍液45% 咪鲜胺 750/1000 倍液22·5% 啶氧菌酯，也可以用咪鲜胺丙森锌，咪鲜胺异菌脲，吡唑醚菌酯。结合二氢钾或者氨基酸叶面肥交替用药,[],['炭疽病'],"['% 氟菌肟菌酯苯醚甲环唑% 吡唑醚菌酯', '75% 肟菌戊唑醇', '45% 咪鲜胺·5% 啶氧菌酯', '咪鲜胺', '丙森锌', '，咪鲜胺', '异菌脲', '，吡唑醚菌酯二氢', '氨基酸叶面肥']"
49-2,炭疽病用苯醚甲环唑 1000-1500 倍液，先正达阿米妙收，吡唑醚菌酯，750-1500 倍液，杜邦的阿砣，啶氧菌酯 1500-2000 倍液拜耳好力克，戊唑醇 3000-4000 倍液先正达好迪施，百菌清 100-150 克 / 亩,[],['炭疽病'],"['苯醚甲环唑', '，吡唑醚菌酯', '阿砣', '，啶氧菌酯', '，戊唑醇', '，百菌清']"
50-1,你好，病斑很干净，考虑温度不适，考虑药害，气害灼伤导致生理性缺水，可用碧护或者芸苔素内酯，磷酸二氢钾，氨基酸叶面肥或者黄腐酸钾叶面肥喷雾缓解。,[],"['，病斑', '，气伤']","['碧护', '芸苔素内酯', '，磷酸二氢钾基酸叶面肥', '叶面肥']"
50-2,用药不当导致的喷施碧护缓解,[],['用药不当'],['碧护']
51-1,温度不适或是用药不当导致的喷施碧护缓解,[],['用药不当'],['碧护']
51-2,生理性温度不适，喷施芸苔素氨基酸二轻钾肥促进缓解，根部冲施水溶肥腐殖酸加恶霉灵,[],[],"['氨基酸二轻钾', '水溶肥', '恶霉灵']"
52-1,晚疫病用先正达瑞凡，双炔酰菌胺 1500-2000 倍液先正达金雷，精甲霜锰锌 100-120 克 / 亩先正达杀毒矾，杀毒矾恶霜灵 + 代森锰锌 200-250 克 / 亩杜邦克露，霜脲锰锌 100-150 克 / 亩杜邦增威赢绿 2000-3000 倍液拜耳银法利 60-75 克 / 亩,[],['晚疫病'],"['，双炔酰菌胺甲霜锌', '杀毒矾', '，杀毒矾', '恶霜灵', '+ 代森锰锌', '克露', '，霜脲锰锌']"
52-2,你好，考虑灰霉病病害，菌核病危害，直接摘了，可以用腐霉利，异菌脲，或者啶酰菌胺，或者嘧菌环胺，或者嘧霉胺防治，交替用药，注意通风换气。,[],"['灰霉', '，菌核']","['腐霉利', '，异菌脲', '啶酰菌胺', '嘧菌环胺', '嘧霉胺']"
53-1,苗期疫病，可以用甲霜锰锌，烯酰吗啉，锰锌·乙铝，霜霉威盐酸盐，氰霜唑，氟吗啉·锰锌等药剂加磷酸二氢钾喷雾防治。,[],['疫病'],"['霜锰锌', '，烯酰吗啉', '，锰锌', '乙铝', '，霜霉威盐酸盐', '，氰霜唑', '，氟吗啉锌', '磷酸二氢钾']"
53-2,温度不适或疫病危害导致叶面可用碧护 + 银法利 + 磷酸二氢钾或氨基酸叶面肥调节,[],['疫病危害'],"['碧护', '+ 磷酸二氢钾', '氨基酸叶面肥']"
54-2,多考虑，正常管理就行了，天气变化。温度不适，根系吸收不良，或者用药，导致生理性症状，可用生物菌肥灌根养根，叶面芸苔素内酯喷雾缓解,[],[],"['生物菌肥', '芸苔素内酯']"
56-1,螨虫防治可用四螨嗪，阿维哒螨灵，螺螨酯，决螨特，联苯肼酯乙螨唑防治,[],['螨虫'],"['四螨嗪', '，阿维哒螨灵', '，螺螨酯', '，联苯肼酯', '乙螨唑']"
56-2,螨虫，10％浏阳霉素 EC2000－3000 倍或倍内威 4000 倍，5％卡死克 DC1500－1000 倍或阿维哒螨灵 2000 倍或螨危 4000 倍螺虫螨酯 4000 倍（注意安全期），来福绿（乙螨唑）2500 倍或捉虫朗（唑虫酰胺）1500 倍，50％溴螨酯 EC（螨代治）1000 倍或联苯肼酯 2500－2000 倍（注意安全期）。,[],['螨虫'],"['阿维哒螨灵', '螺虫螨酯', '乙螨唑胺螨酯', '联苯肼酯']"
57-1,用药不当导致的喷施的喷施碧护缓解,[],['用药不当'],['碧护']
57-2,霜霉病危害，建议选用 68·75% 霜霉威盐·氟吡菌胺悬浮液剂 800 倍液、50% 烯酰吗啉可湿性粉剂 1000 倍液等喷施防治。,[],['霜霉病'],"['5% 霜霉威盐·氟吡菌胺烯酰吗啉', '湿性粉剂']"
58-1,建议移栽 7-10 天缓苗后，随水冲施腐殖酸 + 枯草芽孢杆菌，促进根系生长发育，叶面喷施碧护 + 磷酸二氢钾调节生长,[],['枯草芽孢杆菌'],"['碧护', '+ 磷酸二氢钾']"
59-1,主要是根系发育不良吸收能力差造成的。建议喷施益沛蔬复合微生物菌剂或甲壳素等促进根系发育。,[],['根系发育不良'],"['微生物菌剂', '甲壳素']"
59-2,考虑温度不适或根系发育不良导致建议随水冲施腐殖酸 + 枯草芽孢杆菌，促进根系生长发育，叶面喷施碧护 + 磷酸二氢钾调节生长,[],['根系发育不枯草芽孢杆菌'],"['碧护', '+ 磷酸二氢钾']"
59-3,主要是根系发育不良吸收能力差造成的。建议喷施益沛蔬复合微生物菌剂或甲壳素等促进根系发育。,[],['根系发育不良'],"['微生物菌剂', '甲壳素']"
60-1,茎基腐病危害属于土传播疾病，由土壤中残留病菌传染导致建议用 25% 甲霜·霜霉威 125-187 克 / 亩喷雾50% 王铜·甲霜灵 100-125 克 / 亩喷雾56% 甲硫·恶霉灵 600-800 倍液灌根10 亿个 / 克枯草芽孢杆菌 150-200 克 / 亩喷雾20% 二氯异氰脲酸钠 300-400 倍液灌根30% 精甲·恶霉灵 15-18 毫升 / 亩喷雾3% 甲霜·恶霉灵 500-700 倍液灌根可以用以上药剂 + 生根剂喷淋茎杆灌根防治,[],"['茎基腐病', '枯草芽孢杆菌']","['% 甲霜·霜霉威王铜', '甲霜灵% 甲硫霉灵二氯钠霉灵% 甲霜霉灵根剂']"
60-2,根腐病用恶霉灵枯草芽孢杆菌灌根,[],"['根腐病', '枯草芽孢杆菌']",['恶霉灵']
60-3,茎基腐病危害属于土传播疾病，由土壤中残留病菌传染导致建议用 25% 甲霜·霜霉威 125-187 克 / 亩喷雾50% 王铜·甲霜灵 100-125 克 / 亩喷雾56% 甲硫·恶霉灵 600-800 倍液灌根10 亿个 / 克枯草芽孢杆菌 150-200 克 / 亩喷雾20% 二氯异氰脲酸钠 300-400 倍液灌根30% 精甲·恶霉灵 15-18 毫升 / 亩喷雾3% 甲霜·恶霉灵 500-700 倍液灌根可以用以上药剂 + 生根剂喷淋茎杆灌根防治,[],"['茎基腐病', '枯草芽孢杆菌']","['% 甲霜·霜霉威王铜', '甲霜灵% 甲硫霉灵二氯钠霉灵% 甲霜霉灵根剂']"
61-1,畸形果，主要是温度过高或者过低造成的花芽分化不好，花受精不良，开花坐果时，温度不能太高，缺硼，钙也会导致畸形果，激素过量，减少氮肥用量，增加磷钾肥，对于畸形果，预防为主，多注意温度不要超过 35 度，通过测土，补充硼钙等元素，发现少量畸形果，可以及时摘除，便于正常果实生长,[],"['畸形果', '，缺硼', '畸形果', '，激素过量', '畸形果形果']",['磷钾肥']
61-2,畸形果，花芽分化不好、花粉受精不良，肥水不均衡，氮肥过量，磷、钾肥不足，开花坐果时缺硼、钙元素，激素浓度使用不当等原因造成建议控制氮肥用量，增加磷、钾肥，叶面用碧护 + 速乐硼 + 鳌合钙喷施调节,[],"['畸形果过量', '缺硼']","['钾肥', '碧护', '+ 速乐硼', '+ 鳌合钙']"
61-3,畸形果，主要是温度过高或者过低造成的花芽分化不好，花受精不良，开花坐果时，温度不能太高，缺硼，钙也会导致畸形果，激素过量，减少氮肥用量，增加磷钾肥，对于畸形果，预防为主，多注意温度不要超过 35 度，通过测土，补充硼钙等元素，发现少量畸形果，可以及时摘除，便于正常果实生长,[],"['畸形果', '，缺硼', '畸形果', '，激素过量', '畸形果形果']",['磷钾肥']
62-1,图片显示是施药不当造成的药害，可选用益沛蔬复合微生物菌剂或阿泰灵等喷施缓解。,[],['施药不当'],['微生物菌剂']
62-2,考虑温度不适，药害或根系发育不良导致建议随水冲施腐殖酸 + 枯草芽孢杆菌，促进根系生长发育，叶面喷施碧护 + 磷酸二氢钾调节生长,[],['根系发育不枯草芽孢杆菌'],"['碧护', '+ 磷酸二氢钾']"
62-3,图片显示是施药不当造成的药害，可选用益沛蔬复合微生物菌剂或阿泰灵等喷施缓解。,[],['施药不当'],['微生物菌剂']
63-1,建议使用黄腐酸钾上喷下灌养根护叶进行调理。,[],[],[]
63-2,生理性温度不适，根系吸收不良引起，喷施芸苔素氨基酸二氢钾，冲施腐殖酸平衡水溶肥,[],[],"['氨基酸二氢', '水溶肥']"
63-3,建议使用黄腐酸钾上喷下灌养根护叶进行调理。,[],[],[]
64-1,温度不适或药害导致叶面可用碧护 + 磷酸二氢钾或氨基酸叶面肥调节,[],[],"['碧护', '+ 磷酸二氢钾', '氨基酸叶面肥']"
64-2,温度不适或用药不当引起，可喷施氨基酸＋磷酸二氢钾，碧护或芸苔素内酯可缓解,[],['用药不当'],"['氨基酸', '磷酸二氢钾', '，碧护', '芸苔素内酯']"
64-3,温度不适或药害导致叶面可用碧护 + 磷酸二氢钾或氨基酸叶面肥调节,[],[],"['碧护', '+ 磷酸二氢钾', '氨基酸叶面肥']"
65-1,根系不好，用腐植酸和枯草芽孢杆菌灌墩。,[],"['根系不好', '枯草芽孢杆菌']",['腐植酸']
65-2,温度不适或根系吸收不好导致，可用腐植酸，枯草芽孢杆菌灌根，促进根系生长，叶面喷施碧护，磷酸二氢钾缓解,[],['枯草芽孢杆菌'],"['腐植酸', '碧护', '，磷酸二氢钾']"
66-1,蚧壳虫,[],['蚧壳虫'],[]
66-2,蚜虫危害，防烯啶虫胺，联苯菊酯，噻虫嗪，乙基多杀菌素。 艾美乐或者艾绿士或者特福利。,[],['蚜虫'],"['烯啶虫胺', '，联苯菊酯', '，噻虫嗪', '，乙基多杀菌素']"
67-1,炭疽病危害，建议选用苯醚甲环唑、溴菌腈、咪鲜胺、啶氧菌酯等喷施防治。,[],['炭疽病'],"['苯醚甲环唑', '溴菌腈', '咪鲜胺', '啶氧菌酯']"
67-2,注意真菌性病害用苯醚甲环唑吡唑醚菌酯防治,[],[],['苯醚甲环唑吡唑醚菌酯']
67-3,炭疽病危害，建议选用苯醚甲环唑、溴菌腈、咪鲜胺、啶氧菌酯等喷施防治。,[],['炭疽病'],"['苯醚甲环唑', '溴菌腈', '咪鲜胺', '啶氧菌酯']"
68-1,你好，个别考虑病毒病，防治可用氨基寡糖素，盐酸吗啉胍，宁南霉素，松脂酸铜，病毒 A 加上烯啶吡蚜酮，钝化病毒病，切断传播途径。,[],"['病毒病', '，钝化病']","['氨基寡糖素', '，盐酸吗啉胍', '，宁南霉素', '，松脂酸铜', '烯啶吡蚜酮']"
68-3,你好，个别考虑病毒病，防治可用氨基寡糖素，盐酸吗啉胍，宁南霉素，松脂酸铜，病毒 A 加上烯啶吡蚜酮，钝化病毒病，切断传播途径。,[],"['病毒病', '，钝化病']","['氨基寡糖素', '，盐酸吗啉胍', '，宁南霉素', '，松脂酸铜', '烯啶吡蚜酮']"
69-1,茎基腐病，属于土传播疾病，由土壤中残留病菌传染导致建议用 25% 甲霜·霜霉威 125-187 克 / 亩喷雾50% 王铜·甲霜灵 100-125 克 / 亩喷雾56% 甲硫·恶霉灵 600-800 倍液灌根10 亿个 / 克枯草芽孢杆菌 150-200 克 / 亩喷雾20% 二氯异氰脲酸钠 300-400 倍液灌根30% 精甲·恶霉灵 15-18 毫升 / 亩喷雾3% 甲霜·恶霉灵 500-700 倍液灌根可以用以上药剂 + 生根剂喷淋茎杆灌根防治,[],"['茎基腐病', '枯草芽孢杆菌']","['% 甲霜·霜霉威王铜', '甲霜灵% 甲硫霉灵二氯钠霉灵% 甲霜霉灵根剂']"
69-2,你好，考虑茎基腐病，防治可用精甲霜灵咯菌腈，枯草芽孢杆菌复配甲霜恶霉灵灌根淋根处理，连用二到三次，间隔五到七天，注意控水。,[],"['茎基腐病', '枯草芽孢杆菌']","['霜灵', '咯菌腈', '甲霜恶霉灵']"
69-3,茎基腐病，属于土传播疾病，由土壤中残留病菌传染导致建议用 25% 甲霜·霜霉威 125-187 克 / 亩喷雾50% 王铜·甲霜灵 100-125 克 / 亩喷雾56% 甲硫·恶霉灵 600-800 倍液灌根10 亿个 / 克枯草芽孢杆菌 150-200 克 / 亩喷雾20% 二氯异氰脲酸钠 300-400 倍液灌根30% 精甲·恶霉灵 15-18 毫升 / 亩喷雾3% 甲霜·恶霉灵 500-700 倍液灌根可以用以上药剂 + 生根剂喷淋茎杆灌根防治,[],"['茎基腐病', '枯草芽孢杆菌']","['% 甲霜·霜霉威王铜', '甲霜灵% 甲硫霉灵二氯钠霉灵% 甲霜霉灵根剂']"
70-2,膜孔热气烤苗了。扣膜后及时浇水降温。同时使用氨基酸或海藻酸叶面肥喷雾调理。,[],[],"['氨基酸', '海藻面肥']"
70-3,膜孔热气烤苗了。扣膜后及时浇水降温。同时使用氨基酸或海藻酸叶面肥喷雾调理。,[],[],"['氨基酸', '海藻面肥']"
71-1,需要。叶面喷施碧护和速乐硼，花后喷施螯合钙。,[],[],"['碧护', '速乐硼', '螯合钙']"
71-2,不需要，芸苔素内酯，速乐硼喷雾，保花保果也有用,[],[],['苔素内酯乐硼']
71-3,需要。叶面喷施碧护和速乐硼，花后喷施螯合钙。,[],[],"['碧护', '速乐硼', '螯合钙']"
72-1,你好，注意脐腐病危害，防治此病诱因在于水分供应失调，缺钙，缺硼，偏施氮肥，徒长，导致植株不能从土壤吸收硼钙，导致细胞吸收紊乱，可用螯合钙，速乐硼，碧护花前喷雾，提高坐果率，花后幼果期及时再打一次，此病重在预防。,[],"['脐腐', '，缺钙', '，缺硼']","['螯合钙乐硼', '，碧护']"
72-2,脐腐病为害，缺钙引起，叶面喷施螯合钙。,[],"['脐腐病', '，缺钙']",['螯合钙']
72-3,你好，注意脐腐病危害，防治此病诱因在于水分供应失调，缺钙，缺硼，偏施氮肥，徒长，导致植株不能从土壤吸收硼钙，导致细胞吸收紊乱，可用螯合钙，速乐硼，碧护花前喷雾，提高坐果率，花后幼果期及时再打一次，此病重在预防。,[],"['脐腐', '，缺钙', '，缺硼']","['螯合钙乐硼', '，碧护']"
73-1,肥害可能性大烧根，用了什么肥料,[],['肥害'],[]
73-2,高温气害或药害导致叶面可用碧护 + 磷酸二氢钾或氨基酸叶面肥调节,[],['高温气害'],"['碧护', '+ 磷酸二氢钾', '氨基酸叶面肥']"
73-3,高温气害或药害导致叶面可用碧护 + 磷酸二氢钾或氨基酸叶面肥调节,[],['高温气害'],"['碧护', '+ 磷酸二氢钾', '氨基酸叶面肥']"
74-1,疫病用先正达瑞凡，双炔酰菌胺 1500-2000 倍液先正达金雷，精甲霜锰锌 100-120 克 / 亩先正达杀毒矾，杀毒矾恶霜灵 + 代森锰锌 200-250 克 / 亩杜邦克露，霜脲锰锌 100-150 克 / 亩杜邦增威赢绿 2000-3000 倍液拜耳银法利 60-75 克 / 亩,[],['疫病'],"['，双炔酰菌胺甲霜锌', '杀毒矾', '，杀毒矾', '恶霜灵', '+ 代森锰锌', '克露', '，霜脲锰锌']"
74-2,疫病，用烯酰吗啉，腈菌锰锌，霉多克，抑快净，吡唑醚菌酯，氟吗锰锌，烯酰锰锌，氰霜唑喷雾防治。,[],['疫病'],"['烯酰吗啉菌锌霉', '，吡唑醚菌酯锌', '，烯锌', '，氰霜唑']"
74-3,疫病用先正达瑞凡，双炔酰菌胺 1500-2000 倍液先正达金雷，精甲霜锰锌 100-120 克 / 亩先正达杀毒矾，杀毒矾恶霜灵 + 代森锰锌 200-250 克 / 亩杜邦克露，霜脲锰锌 100-150 克 / 亩杜邦增威赢绿 2000-3000 倍液拜耳银法利 60-75 克 / 亩,[],['疫病'],"['，双炔酰菌胺甲霜锌', '杀毒矾', '，杀毒矾', '恶霜灵', '+ 代森锰锌', '克露', '，霜脲锰锌']"
75-1,图片显示是施药不当造成的药害。可选用益沛蔬复合微生物菌剂或阿泰灵等喷施缓解。,[],['施药不当'],['微生物菌剂']
75-2,用药不当，叶面喷施碧护或芸苔素内酯缓解。,[],['用药不当'],"['碧护', '芸苔素内酯']"
75-3,图片显示是施药不当造成的药害。可选用益沛蔬复合微生物菌剂或阿泰灵等喷施缓解。,[],['施药不当'],['微生物菌剂']
76-1,两个图片一个是疮痂病，一个相炭疽病可用，苯醚甲环唑，肟菌脂，塞菌铜，多抗霉素，链霉素，防治,[],"['疮痂病', '炭疽病']","['，苯醚甲环唑菌塞菌铜', '，多抗霉素霉']"
76-2,炭疽病危害，建议选用苯醚甲环唑、溴菌腈、咪鲜胺、啶氧菌酯等喷施防治。,[],['炭疽病'],"['苯醚甲环唑', '溴菌腈', '咪鲜胺', '啶氧菌酯']"
76-3,两个图片一个是疮痂病，一个相炭疽病可用，苯醚甲环唑，肟菌脂，塞菌铜，多抗霉素，链霉素，防治,[],"['疮痂病', '炭疽病']","['，苯醚甲环唑菌塞菌铜', '，多抗霉素霉']"
77-1,肥害或药害，用芸胎素加磷酸二氢钾调理,[],['肥害'],['磷酸二氢钾']
77-2,注意药害；防治方法：可用碧护或芸苔素内酯加氨基酸或稀土喷雾,[],[],"['碧护', '芸苔素内酯', '氨基酸']"
77-3,注意药害；防治方法：可用碧护或芸苔素内酯加氨基酸或稀土喷雾,[],[],"['碧护', '芸苔素内酯', '氨基酸']"
78-1,霜霉病危害使用银法利或克露或增威赢绿防治,[],['霜霉病'],['克露']
78-2,霜霉病，用烯酰吗啉，腈菌锰锌，霉多克，抑快净，吡唑醚菌酯，氟吗锰锌，烯酰锰锌，氰霜唑喷雾防治。,[],['霜霉病'],"['烯酰吗啉菌锌霉', '，吡唑醚菌酯锌', '，烯锌', '，氰霜唑']"
78-3,霜霉病危害使用银法利或克露或增威赢绿防治,[],['霜霉病'],['克露']
79-1,如果大面积发生，考虑温度不适或药害导致个别现象考虑病毒病危害叶面可用碧护 + 磷酸二氢钾 + 香菇多糖 + 烯啶吡蚜酮防治,[],['病毒'],"['碧护', '+ 磷酸二氢钾', '+ 烯啶吡蚜酮']"
79-2,用药不当，叶面喷施碧护或芸苔素内酯缓解。,[],['用药不当'],"['碧护', '芸苔素内酯']"
79-3,如果大面积发生，考虑温度不适或药害导致个别现象考虑病毒病危害叶面可用碧护 + 磷酸二氢钾 + 香菇多糖 + 烯啶吡蚜酮防治,[],['病毒'],"['碧护', '+ 磷酸二氢钾', '+ 烯啶吡蚜酮']"
80-1,用药不当，叶面喷施碧护或芸苔素内酯缓解。,[],['用药不当'],"['碧护', '芸苔素内酯']"
80-2,考虑温度不适或药害导致叶面可用碧护 + 磷酸二氢钾或氨基酸叶面肥调节,[],[],"['碧护', '+ 磷酸二氢钾', '氨基酸叶面肥']"
80-3,用药不当，叶面喷施碧护或芸苔素内酯缓解。,[],['用药不当'],"['碧护', '芸苔素内酯']"
81-1,图片显示是施药不当造成的药害，可选用益沛蔬复合微生物菌剂或阿泰灵等喷施缓解。,[],['施药不当'],['微生物菌剂']
81-2,考虑温度不适或药害导致叶面可用碧护 + 磷酸二氢钾或氨基酸叶面肥调节,[],[],"['碧护', '+ 磷酸二氢钾', '氨基酸叶面肥']"
81-3,图片显示是施药不当造成的药害，可选用益沛蔬复合微生物菌剂或阿泰灵等喷施缓解。,[],['施药不当'],['微生物菌剂']
82-1,缺磷紫斑病，天气变化。温度不适，根系吸收不良，或者用药，导致生理性症状，可用生物菌肥灌根养根，叶面芸苔素内酯喷雾缓解,[],['斑病'],"['生物菌肥', '芸苔素内酯']"
82-2,脐腐病危害，缺钙造成的。建议控制氮、钾肥施用量，以防影响钙的吸收与运转。喷施糖醇钙、氨基酸钙等防治。,[],"['脐腐病', '，缺钙']","['钾肥', '糖醇钙', '氨基']"
82-3,缺磷紫斑病，天气变化。温度不适，根系吸收不良，或者用药，导致生理性症状，可用生物菌肥灌根养根，叶面芸苔素内酯喷雾缓解,[],['斑病'],"['生物菌肥', '芸苔素内酯']"
83-1,叶蝉，考虑高效氯氟氰菊酯，高氯噻虫嗪，联苯菊酯，联苯菊酯噻虫嗪，联苯菊酯噻虫胺，都可以用,[],[],"['氯氟氰菊酯氯虫嗪', '，联苯菊酯', '，联苯菊酯', '噻虫嗪', '，联苯菊酯']"
83-2,叶蝉。建议选用烯啶虫胺 + 联苯菊酯、噻虫嗪 + 高效氯氟氰菊酯、螺虫乙酯等喷施防治。,[],[],"['烯啶虫胺', '+ 联苯菊酯', '噻虫嗪', '+ 高效氯氟氰菊酯', '螺虫乙酯']"
83-3,叶蝉，考虑高效氯氟氰菊酯，高氯噻虫嗪，联苯菊酯，联苯菊酯噻虫嗪，联苯菊酯噻虫胺，都可以用,[],[],"['氯氟氰菊酯氯虫嗪', '，联苯菊酯', '，联苯菊酯', '噻虫嗪', '，联苯菊酯']"
84-1,茎基腐，根腐病 ，可以选用甲霜灵，或·恶霉灵、络氨铜、枯草芽孢杆菌，等药剂灌根防治，可加腐殖酸、氨基酸。,[],"['腐病', '枯草芽孢杆菌']","['甲霜灵', '恶霉灵', '络氨铜', '氨基酸']"
84-2,茎基腐病，用甲霜恶霉灵，溴菌腈，枯草芽孢杆菌，络氨铜，霜霉威盐酸盐等交替使用喷淋基部或者灌根防治。,[],"['茎基腐病', '枯草芽孢杆菌']","['甲霜恶霉灵', '，溴菌腈氨铜', '，霜霉威盐酸盐']"
84-3,茎基腐，根腐病 ，可以选用甲霜灵，或·恶霉灵、络氨铜、枯草芽孢杆菌，等药剂灌根防治，可加腐殖酸、氨基酸。,[],"['腐病', '枯草芽孢杆菌']","['甲霜灵', '恶霉灵', '络氨铜', '氨基酸']"
85-1,霜霉病，可用啶氧菌酯、唑醚·霜脲氰、唑醚·代森联、王铜·甲霜灵、烯酰·嘧菌酯、烯酰·丙森锌防治,[],['霜霉病'],"['啶氧菌酯醚·霜脲氰森联', '王铜', '甲霜灵', '烯酰·嘧菌酯', '烯森锌']"
85-2,霜霉病危害使用银法利或克露或增威赢绿防治,[],['霜霉病'],['克露']
85-3,霜霉病，可用啶氧菌酯、唑醚·霜脲氰、唑醚·代森联、王铜·甲霜灵、烯酰·嘧菌酯、烯酰·丙森锌防治,[],['霜霉病'],"['啶氧菌酯醚·霜脲氰森联', '王铜', '甲霜灵', '烯酰·嘧菌酯', '烯森锌']"
86-1,脐腐病危害，建议控制氮、钾肥施用量，以防影响钙的吸收与运转。喷施糖醇钙或氨基酸钙等防治。,[],['脐腐病'],"['钾肥', '糖醇钙', '氨基']"
86-2,脐腐病，是缺钙造成的生理性病害，座果后及时喷施硼肥钙肥防治，可以减少脐腐病发生,[],"['脐腐病', '缺钙', '生理性', '脐腐病']",[]
86-3,脐腐病危害，建议控制氮、钾肥施用量，以防影响钙的吸收与运转。喷施糖醇钙或氨基酸钙等防治。,[],['脐腐病'],"['钾肥', '糖醇钙', '氨基']"
87-1,你好，注意疫病，防治可用烯酰吗啉，氟吗啉，霜霉威盐酸盐，霜脲锰锌，甲霜锰锌，增威赢绿，银法利，氰霜唑防治,[],['疫病'],"['烯酰吗啉', '，氟吗啉', '，霜霉威盐酸盐', '，霜脲锰锌甲霜锌', '，氰霜唑']"
87-2,细菌性病害用乙蒜素 1000-2000 倍液叶枯唑 100-150 克 / 亩中生菌素 20-30 克 / 亩氯溴异氰尿酸 1000-1500 倍液春雷王铜 500-750 倍液春雷霉素 170-175 毫升 / 亩杜邦可杀得 1500-2000 倍液加收米春雷霉素 140-175 毫升 / 亩喹啉铜 30-40 毫升 / 亩,[],['细菌性'],"['乙蒜素', '叶枯唑', '生菌素', '氯溴异氰尿酸', '春雷王铜', '春雷霉素得', '春雷霉素', '喹啉铜']"
87-3,你好，注意疫病，防治可用烯酰吗啉，氟吗啉，霜霉威盐酸盐，霜脲锰锌，甲霜锰锌，增威赢绿，银法利，氰霜唑防治,[],['疫病'],"['烯酰吗啉', '，氟吗啉', '，霜霉威盐酸盐', '，霜脲锰锌甲霜锌', '，氰霜唑']"
88-1,霜霉病危害，建议选用 68·75% 霜霉威盐·氟吡菌胺悬浮液剂 800 倍液、50% 烯酰吗啉可湿性粉剂 1000 倍液等喷施防治。,[],['霜霉病'],"['5% 霜霉威盐·氟吡菌胺烯酰吗啉', '湿性粉剂']"
88-2,你好，注意霜霉病危害，防治可用 杀毒矾 600/800 倍液80% 烯酰吗啉 4000/5000 倍液霜霉威盐酸盐 66·5% 水剂 70/110 毫升每亩抑快净 2000/2500 倍液喷雾氟菌霜霉威银法利 600/800 倍液喷雾72% 霜脲锰锌 600/800 倍液喷雾69% 烯酰锰锌 600/800 倍液58% 甲霜锰锌 500/700 倍液，此病高湿诱发，注意关注天气变化，交替用药。,[],['霜霉'],"['毒矾烯酰吗啉', '霜霉威盐酸盐', '氟菌霜霉威', '72% 霜脲锰锌% 烯锌% 甲霜锌']"
88-3,霜霉病危害，建议选用 68·75% 霜霉威盐·氟吡菌胺悬浮液剂 800 倍液、50% 烯酰吗啉可湿性粉剂 1000 倍液等喷施防治。,[],['霜霉病'],"['5% 霜霉威盐·氟吡菌胺烯酰吗啉', '湿性粉剂']"
89-1,辣椒疫病，可用烯酰·代森联、唑醚·代森联、丙森·霜脲氰、霜霉威、烯酰·嘧菌酯、噁酮·霜脲氰防治,['辣椒'],['疫病'],"['烯酰森联森联森·霜脲氰', '霜霉威', '烯酰·嘧菌酯', '霜脲氰']"
89-2,病毒病危害，建议选用阿泰灵、宁南霉素、香菇多糖、氨基寡糖素等喷施防治。,[],['病毒病'],"['宁南霉素', '氨基寡糖素']"
89-3,辣椒疫病，可用烯酰·代森联、唑醚·代森联、丙森·霜脲氰、霜霉威、烯酰·嘧菌酯、噁酮·霜脲氰防治,['辣椒'],['疫病'],"['烯酰森联森联森·霜脲氰', '霜霉威', '烯酰·嘧菌酯', '霜脲氰']"
90-1,你好，注意霜霉病危害，种植不要过密可用 杀毒矾 600/800 倍液80% 烯酰吗啉 4000/5000 倍液霜霉威盐酸盐 66·5% 水剂 70/110 毫升每亩抑快净 2000/2500 倍液喷雾氟菌霜霉威银法利 600/800 倍液喷雾72% 霜脲锰锌 600/800 倍液喷雾69% 烯酰锰锌 600/800 倍液58% 甲霜锰锌 500/700 倍液，此病高湿诱发，注意关注天气变化，交替用药。,[],['霜霉病'],"['毒矾烯酰吗啉', '霜霉威盐酸盐', '氟菌霜霉威', '72% 霜脲锰锌% 烯锌% 甲霜锌']"
90-2,霜霉病用烯酰吗啉霜霉威，抑快净防治,[],['霜霉病'],"['烯酰吗啉', '霜霉威']"
90-3,你好，注意霜霉病危害，种植不要过密可用 杀毒矾 600/800 倍液80% 烯酰吗啉 4000/5000 倍液霜霉威盐酸盐 66·5% 水剂 70/110 毫升每亩抑快净 2000/2500 倍液喷雾氟菌霜霉威银法利 600/800 倍液喷雾72% 霜脲锰锌 600/800 倍液喷雾69% 烯酰锰锌 600/800 倍液58% 甲霜锰锌 500/700 倍液，此病高湿诱发，注意关注天气变化，交替用药。,[],['霜霉病'],"['毒矾烯酰吗啉', '霜霉威盐酸盐', '氟菌霜霉威', '72% 霜脲锰锌% 烯锌% 甲霜锌']"
91-1,生理性缺硼，肥水供应不足都有可能。建议您对症处理。,[],"['硼', '供应不足']",[]
91-2,畸形果，主要是温度过高或者过低造成的花芽分化不好，花受精不良，开花坐果时，温度不能太高，缺硼，钙也会导致畸形果，激素过量，减少氮肥用量，增加磷钾肥，对于畸形果，预防为主，多注意温度不要超过 35 度，通过测土，补充硼钙等元素，发现少量畸形果，可以及时摘除，便于正常果实生长,[],"['畸形果', '，缺硼', '畸形果', '，激素过量', '畸形果形果']",['磷钾肥']
91-3,生理性缺硼，肥水供应不足都有可能。建议您对症处理。,[],"['硼', '供应不足']",[]
92-1,高温障碍或用药不当造成的副作用，使用氨基酸或海藻酸叶面肥加云臺素内脂喷雾调理一下，加强肥水供应，适当通风换气。高温时段遮阴降温。,[],"['高温障碍', '用药不当']","['氨基酸', '海藻面肥']"
92-2,温度不适或用药不当引起，可喷施氨基酸＋磷酸二氢钾，碧护或芸苔素内酯可缓解,[],['用药不当'],"['氨基酸', '磷酸二氢钾', '，碧护', '芸苔素内酯']"
92-3,高温障碍或用药不当造成的副作用，使用氨基酸或海藻酸叶面肥加云臺素内脂喷雾调理一下，加强肥水供应，适当通风换气。高温时段遮阴降温。,[],"['高温障碍', '用药不当']","['氨基酸', '海藻面肥']"
93-1,温度不适喷药不当药害，喷施芸苔素氨基酸二氢钾缓解,[],[],['氨基酸二氢']
93-2,温度异常或药害叶面喷施碧护加氨基酸肥缓解缓解,[],[],"['碧护', '氨基酸']"
93-3,温度不适喷药不当药害，喷施芸苔素氨基酸二氢钾缓解,[],[],['氨基酸二氢']
94-1,霜霉病危害，建议选用 68·75% 霜霉威盐·氟吡菌胺悬浮液剂 800 倍液、50% 烯酰吗啉可湿性粉剂 1000 倍液等喷施防治。,[],['霜霉病'],"['5% 霜霉威盐·氟吡菌胺烯酰吗啉', '湿性粉剂']"
94-2,霜霉病用烯酰吗啉霜霉威，抑快净防治,[],['霜霉病'],"['烯酰吗啉', '霜霉威']"
94-3,霜霉病危害，建议选用 68·75% 霜霉威盐·氟吡菌胺悬浮液剂 800 倍液、50% 烯酰吗啉可湿性粉剂 1000 倍液等喷施防治。,[],['霜霉病'],"['5% 霜霉威盐·氟吡菌胺烯酰吗啉', '湿性粉剂']"
96-1,用药不当，叶面喷施碧护或芸苔素内酯缓解。,[],['用药不当'],"['碧护', '芸苔素内酯']"
96-2,肥害或药害等外力损伤造成的，不是病菌性病害。可选用益沛蔬复合微生物菌剂或阿泰灵等喷施缓解。,[],['肥害'],['微生物菌剂']
96-3,用药不当，叶面喷施碧护或芸苔素内酯缓解。,[],['用药不当'],"['碧护', '芸苔素内酯']"
97-1,用氯虫苯甲酰胺，苏云·虫酰肼，甲维·高氯，氟虫双酰胺，茚虫威，四氯虫酰胺喷雾防治。,[],[],"['氯虫苯甲酰胺酰肼', '，氟虫双酰胺', '，茚虫威氯胺']"
97-2,夜蛾类害虫危害，建议选用康宽、茚虫威、苏云金杆菌、氟啶脲等喷施防治。,[],['夜蛾类'],"['茚虫威菌', '氟啶脲']"
97-3,用氯虫苯甲酰胺，苏云·虫酰肼，甲维·高氯，氟虫双酰胺，茚虫威，四氯虫酰胺喷雾防治。,[],[],"['氯虫苯甲酰胺酰肼', '，氟虫双酰胺', '，茚虫威氯胺']"
98-1,你好，注意疫病，防治可用烯酰吗啉，氟吗啉，霜霉威盐酸盐，霜脲锰锌，甲霜锰锌，增威赢绿，银法利，氰霜唑防治,[],['疫病'],"['烯酰吗啉', '，氟吗啉', '，霜霉威盐酸盐', '，霜脲锰锌甲霜锌', '，氰霜唑']"
98-2,注意疫病或是高温气害引起,[],['疫病'],[]
98-3,你好，注意疫病，防治可用烯酰吗啉，氟吗啉，霜霉威盐酸盐，霜脲锰锌，甲霜锰锌，增威赢绿，银法利，氰霜唑防治,[],['疫病'],"['烯酰吗啉', '，氟吗啉', '，霜霉威盐酸盐', '，霜脲锰锌甲霜锌', '，氰霜唑']"
99-1,考虑温度不适或药害导致叶面可用碧护 + 磷酸二氢钾或氨基酸叶面肥调节,[],[],"['碧护', '+ 磷酸二氢钾', '氨基酸叶面肥']"
99-2,你好，打药没有？防考虑用药不当药害引起，可用碧护或者阿泰灵或者芸苔素内酯，复配氨基酸叶面肥或者黄腐酸钾叶面肥，磷酸二氢钾，喷雾调节，连用二次,[],['用药不当'],"['碧护', '芸苔素内酯', '氨基酸叶面肥', '叶面肥', '，磷酸二氢钾']"
99-3,考虑温度不适或药害导致叶面可用碧护 + 磷酸二氢钾或氨基酸叶面肥调节,[],[],"['碧护', '+ 磷酸二氢钾', '氨基酸叶面肥']"
100-1,用药不当导致的喷施碧护缓解,[],['用药不当'],['碧护']
100-2,考虑用药不当引起的药害，叶面喷施磷酸二氢钾加氨基酸叶面肥加芸苔素或者碧护缓解，或者喷施天达 2116 缓解。,[],['用药不当'],"['磷酸二氢钾', '氨基酸叶面肥', '碧护']"
100-3,考虑用药不当引起的药害，叶面喷施磷酸二氢钾加氨基酸叶面肥加芸苔素或者碧护缓解，或者喷施天达 2116 缓解。,[],['用药不当'],"['磷酸二氢钾', '氨基酸叶面肥', '碧护']"
101-1,有可能是温度不适引起，叶面喷施碧护或芸苔素。,[],[],"['碧护', '芸苔素']"
101-2,土壤环境差根系发育不良冲施腐殖酸枯草芽孢杆菌,[],"['根系发育不良', '枯草芽孢杆菌']",[]
101-3,有可能是温度不适引起，叶面喷施碧护或芸苔素。,[],[],"['碧护', '芸苔素']"
102-1,根系不好多冲施枯草芽孢杆菌养根系,[],"['根系不好', '枯草芽孢杆菌']",[]
102-2,土壤环境差根系发育不良冲施腐殖酸枯草芽孢杆菌,[],"['根系发育不良', '枯草芽孢杆菌']",[]
102-3,土壤环境差根系发育不良冲施腐殖酸枯草芽孢杆菌,[],"['根系发育不良', '枯草芽孢杆菌']",[]
103-1,钻心虫用杜邦康宽氯虫苯甲酰胺 5-10 毫升 / 亩苏云金杆菌 100-200 倍液杜邦奥得腾 4-6 克 / 亩高效氯氰菊酯 5-10 毫升 / 亩甲维盐 3·5-5 毫升 / 亩,[],[],['氯虫苯甲酰胺氯氰菊酯']
104-1,多考虑，抑制生长比较狠天气变化。温度不适，根系吸收不良，或者用药，导致生理性症状，可用生物菌肥灌根养根，叶面芸苔素内酯喷雾缓解,[],[],"['生物菌肥', '芸苔素内酯']"
104-2,图片显示是土壤盐渍化，危害根系发育吸收能力差。建议冲施益沛蔬复合微生物菌剂，改良盐渍化、保护根系、防止盐害。,[],['土壤盐渍化'],['微生物菌剂']
105-1,你好，注意疫病，防治可用烯酰吗啉，氟吗啉，霜霉威盐酸盐，霜脲锰锌，甲霜锰锌，增威赢绿，银法利，氰霜唑防治,[],['疫病'],"['烯酰吗啉', '，氟吗啉', '，霜霉威盐酸盐', '，霜脲锰锌甲霜锌', '，氰霜唑']"
105-2,主要是由于氮肥过大，磷钾不足导致营养过旺、以及肥水及光照不充足、缺硼、钙肥等原因都能引起此症状建议应减少氮肥使用量，增施磷钾肥，喷施调环酸钙或 pbo 调节生长花前叶面用碧护＋速乐硼＋鳌合钙喷施调节促进花芽分化，提高坐果率,[],['缺硼'],"['磷钾肥', '调环酸钙', '碧护', '速乐硼', '鳌合钙']"
106-1,夜蛾类害虫危害建议使用阿维菌素 + 氯虫苯甲酰胺或四氯虫酰胺或氟苯虫酰胺 + 有机硅防除,[],['夜蛾类'],"['阿维菌素', '+ 氯虫苯甲酰胺氯虫酰胺苯虫酰胺', '+ 有机硅']"
106-2,不可以要用杜邦康宽氯虫苯甲酰胺 5-10 毫升 / 亩苏云金杆菌 100-200 倍液杜邦奥得腾 4-6 克 / 亩高效氯氰菊酯 5-10 毫升 / 亩甲维盐 3·5-5 毫升 / 亩,[],[],['氯虫苯甲酰胺氯氰菊酯']
107-1,根腐病用甲霜恶霉灵枯草芽孢杆菌灌根,[],"['根腐病', '枯草芽孢杆菌']",['甲霜恶霉灵']
107-2,根腐病 ，可以选用甲霜灵，或·恶霉灵、络氨铜、枯草芽孢杆菌，等药剂灌根防治，可加腐殖酸、氨基酸。,[],"['根腐病', '枯草芽孢杆菌']","['甲霜灵', '恶霉灵', '络氨铜', '氨基酸']"
108-1,辣椒脐腐病危害，缺钙造成的。建议控制氮、钾肥施用量，以防影响钙的吸收与运转。喷施糖醇钙或氨基酸钙等防治。,['辣椒'],"['脐腐病', '，缺钙']","['钾肥', '糖醇钙', '氨基']"
108-2,你好，注意脐腐病危害，此病诱因在于水分供应失调，缺钙，缺硼，偏施氮肥，徒长，导致植株不能从土壤吸收硼钙，导致细胞吸收紊乱，可用螯合钙，速乐硼，碧护花前喷雾，提高坐果率，花后幼果期及时再打一次，此病重在预防。,[],"['脐腐', '，缺钙', '，缺硼']","['螯合钙乐硼', '，碧护']"
109-1,根腐病 - 属于土传播疾病，由土壤中残留病菌传染导致建议用 25% 甲霜·霜霉威 125-187 克 / 亩喷雾50% 王铜·甲霜灵 100-125 克 / 亩喷雾56% 甲硫·恶霉灵 600-800 倍液灌根10 亿个 / 克枯草芽孢杆菌 150-200 克 / 亩喷雾20% 二氯异氰脲酸钠 300-400 倍液灌根30% 精甲·恶霉灵 15-18 毫升 / 亩喷雾3% 甲霜·恶霉灵 500-700 倍液灌根可以用以上药剂 + 生根剂喷淋茎杆灌根防治,[],"['根腐病', '枯草芽孢杆菌']","['% 甲霜·霜霉威王铜', '甲霜灵% 甲硫霉灵二氯钠霉灵% 甲霜霉灵根剂']"
109-2,根腐病为害，用恶霉灵加枯草芽孢杆菌灌墩。,[],"['根腐病', '枯草芽孢杆菌']",['恶霉灵']
110-1,土壤板结，用腐植酸和枯草芽孢杆菌灌墩，叶面喷施碧护。,[],"['土壤板结', '枯草芽孢杆菌']","['腐植酸', '碧护']"
110-2,考虑温度不适或根系发育不良导致建议随水冲施腐殖酸 + 枯草芽孢杆菌，促进根系生长发育，叶面喷施碧护 + 磷酸二氢钾调节生长,[],['根系发育不枯草芽孢杆菌'],"['碧护', '+ 磷酸二氢钾']"
111-1,土壤酸化导致使用有机肥或生物菌肥或发酵好了的农家肥改良土壤环境,[],[],"['有机肥', '生物菌肥']"
111-2,土壤湿度大，酸化，增施有机肥和生物菌肥，用硅钙钾镁肥调理。,[],[],"['有机肥', '生物菌肥']"
112-1,药害，可喷施益沛蔬复合微生物菌剂或阿泰灵等缓解。,[],[],['微生物菌剂']
112-2,用药不当引起，可喷施氨基酸＋磷酸二氢钾，碧护或芸苔素内酯可缓解,[],['用药不当'],"['氨基酸', '磷酸二氢钾', '，碧护', '芸苔素内酯']"
113-1,肥害或药害等外力损伤造成的，不是病菌性病害。可选用益沛蔬复合微生物菌剂或阿泰灵等喷施缓解。,[],['肥害'],['微生物菌剂']
113-2,日灼斑，脐腐病为害。叶面喷施螯合钙。,[],['腐病'],['螯合钙']
114-1,脐腐病这种情况是由于生理性缺钙造成建议叶面喷施氨基酸钙或糖醇钙 + 碧护 + 磷酸二氢钾喷雾调节防治,[],['脐腐病钙'],"['氨基', '糖醇钙', '+ 碧护', '+ 磷酸二氢钾']"
114-2,脐腐病危害，缺钙造成的。建议控制氮、钾肥施用量，以防影响钙的吸收与运转。喷施糖醇钙或氨基酸钙等防治。,[],"['脐腐病', '，缺钙']","['钾肥', '糖醇钙', '氨基']"
115-1,疫霉根腐病用甲霜恶霉灵霜霉威灌根,[],['疫霉腐病'],"['甲霜恶霉灵', '霜霉威']"
115-2,茎基腐病，可用王铜?甲霜灵，甲硫?恶霉灵，枯草芽孢杆菌，多?福，精甲霜灵，咯菌腈，戊唑?福美双防治,[],"['茎基腐病', '枯草芽孢杆菌']","['王铜甲霜灵甲硫', '恶霉灵', '，精甲霜灵', '，咯菌腈戊', '福美双']"
116-1,这是日照香拂飘，属于莎草科类辣椒地没有合适的除草剂防除,['辣椒'],[],[]
117-1,茎叶旺长造成光合营养物质供应不足。建议选用以调环酸钙为主要成分的”小胖墩“喷施抑制茎叶生长，促花、果发育。,[],['供应不足'],['调环酸钙']
117-3,茎叶旺长造成光合营养物质供应不足。建议选用以调环酸钙为主要成分的”小胖墩“喷施抑制茎叶生长，促花、果发育。,[],['供应不足'],['调环酸钙']
118-1,蚜虫为害，已经被蚜茧蜂寄生，没有为害了，不用打药。,[],['蚜虫'],[]
118-2,蚜虫危害建议使用联苯菊酯 + 烯啶虫胺或噻虫嗪喷施防治,[],['蚜虫'],"['联苯菊酯 烯啶虫胺', '噻虫嗪']"
118-3,蚜虫为害，已经被蚜茧蜂寄生，没有为害了，不用打药。,[],['蚜虫'],[]
119-1,疫病危害使用银法利或克露或增威赢绿防治,[],['疫病危害'],['克露']
119-2,疫病对口杀菌剂药效较好的有 80% 大生可湿性粉剂、58% 代森锰锌可湿性粉剂、72·2% 普力克、50% 安克、53% 雷多米尔、60% 灭克可湿性粉剂、52·5% 抑快净水分散粒剂、72% 霜疫清可湿性粉剂、75% 百菌清可湿性粉剂、50% 甲霜灵铜可湿性粉剂、72% 杜邦克露可湿性粉剂、25% 烯肟菌酯乳油、25% 阿米西达悬乳剂、69% 的安克锰锌可湿性粉剂,[],['疫病'],"['杀菌剂', '湿性粉剂', '代森锰锌', '湿性粉剂', '72·2% 普力克% 雷多米尔', '湿性粉剂', '72% 霜疫清', '湿性粉剂', '75% 百菌清', '湿性粉剂甲霜灵', '湿性粉剂', '克露', '湿性粉剂%肟菌酯锌', '湿性粉剂']"
119-3,疫病危害使用银法利或克露或增威赢绿防治,[],['疫病危害'],['克露']
120-2,温度异常叶面喷施碧护加氨基酸肥缓解用枯草芽孢杆菌灌根,[],['枯草芽孢杆菌'],"['碧护', '氨基酸']"
120-3,温度异常叶面喷施碧护加氨基酸肥缓解用枯草芽孢杆菌灌根,[],['枯草芽孢杆菌'],"['碧护', '氨基酸']"
121-1,细菌性的病用喹啉铜或多抗霉素或琥胶肥酸铜或春雷霉素，中生菌素，用药做好二次稀释，现用现配,[],[],"['菌', '喹啉铜', '多抗霉素', '琥胶肥酸铜', '春雷霉素', '生菌素']"
121-2,细菌性叶斑病，高温多湿发病重。防治: 种子消毒处理，清洁田园，合理施肥。药剂可用农用链霉素、琥胶肥酸铜、氢氧化铜、络氨铜、春雷·王铜、噻菌铜、氧化亚铜等。也可用木质素磺酸铵加磷酸钾按照一定比例喷洒。,[],['细菌性叶斑病'],"['琥胶肥酸铜', '氢氧化铜', '络氨铜', '春雷·王铜', '噻菌铜酸']"
121-3,细菌性的病用喹啉铜或多抗霉素或琥胶肥酸铜或春雷霉素，中生菌素，用药做好二次稀释，现用现配,[],[],"['菌', '喹啉铜', '多抗霉素', '琥胶肥酸铜', '春雷霉素', '生菌素']"
122-1,着色，考虑温度，光照，用肥问题，或者土壤水分含量过低，等因素导致，建议合理增加光合作用，避免夜温过高，避免偏重钾肥，合理疏果，促进果子膨大，着色。,[],[],['钾肥']
122-2,光合营养不足造成的副作用，加强肥水供应，平衡施肥。同时使用磷酸二氢钾喷雾调理。,[],[],['磷酸二氢钾']
122-3,着色，考虑温度，光照，用肥问题，或者土壤水分含量过低，等因素导致，建议合理增加光合作用，避免夜温过高，避免偏重钾肥，合理疏果，促进果子膨大，着色。,[],[],['钾肥']
123-1,你好，蓟马危害，白烯啶虫胺，联苯菊酯，噻虫嗪，高氯，乙基多杀菌素。艾美乐或者艾绿士或者特福利。,[],['马'],"['烯啶虫胺', '，联苯菊酯', '，噻虫嗪', '，乙基多杀菌素']"
123-2,蓟马危害，可以用螺虫乙酯 + 吡虫啉喷雾防治，也可以用联苯菊酯 + 噻虫嗪喷雾防治。,[],['蓟马'],"['螺虫乙酯 吡虫啉', '联苯菊酯 虫嗪']"
123-3,你好，蓟马危害，白烯啶虫胺，联苯菊酯，噻虫嗪，高氯，乙基多杀菌素。艾美乐或者艾绿士或者特福利。,[],['马'],"['烯啶虫胺', '，联苯菊酯', '，噻虫嗪', '，乙基多杀菌素']"
124-1,炭疽病侵染，用阿砣，苯醚甲环唑，咪鲜胺锰盐，腐霉利，氟硅唑，啶氧菌酯，苯甲溴菌腈，吡唑嘧菌酯等药剂交替使用喷雾防治。,[],['炭疽病'],"['阿砣', '，苯醚甲环唑', '，咪鲜盐', '，腐霉利', '，氟硅唑', '，啶氧菌酯', '，苯甲溴菌腈', '，吡唑嘧菌酯']"
124-2,炭疽病危害建议使用肟菌戊唑醇或氟硅唑或苯甲丙环唑防治,[],['炭疽病'],"['肟菌戊唑醇', '氟硅唑', '苯甲丙环唑']"
124-3,炭疽病侵染，用阿砣，苯醚甲环唑，咪鲜胺锰盐，腐霉利，氟硅唑，啶氧菌酯，苯甲溴菌腈，吡唑嘧菌酯等药剂交替使用喷雾防治。,[],['炭疽病'],"['阿砣', '，苯醚甲环唑', '，咪鲜盐', '，腐霉利', '，氟硅唑', '，啶氧菌酯', '，苯甲溴菌腈', '，吡唑嘧菌酯']"
125-1,多考虑，浇水比较好，天气变化。温度不适，根系吸收不良，或者用药，导致生理性症状，可用生物菌肥灌根养根，叶面芸苔素内酯喷雾缓解,[],[],"['生物菌肥', '芸苔素内酯']"
125-2,考虑温度不适或根系发育不良导致建议随水冲施腐殖酸 + 枯草芽孢杆菌，促进根系生长发育，叶面喷施碧护 + 磷酸二氢钾调节生长,[],['根系发育不枯草芽孢杆菌'],"['碧护', '+ 磷酸二氢钾']"
125-3,多考虑，浇水比较好，天气变化。温度不适，根系吸收不良，或者用药，导致生理性症状，可用生物菌肥灌根养根，叶面芸苔素内酯喷雾缓解,[],[],"['生物菌肥', '芸苔素内酯']"
126-1,白星病危害建议使用肟菌戊唑醇或氟硅唑或苯甲丙环唑防治,[],['白星病'],"['肟菌戊唑醇', '氟硅唑', '苯甲丙环唑']"
126-2,不是炭疽病，是辣椒白星病，用吡唑醚菌酯，苯甲·丙环唑，琥胶肥酸酮，络氨铜，可杀得，代森锌喷雾防治。,[],['炭疽病星病'],"['吡唑醚菌酯', '，苯甲·丙环唑肥', '，络氨铜', '，可杀得', '，代森锌']"
126-3,白星病危害建议使用肟菌戊唑醇或氟硅唑或苯甲丙环唑防治,[],['白星病'],"['肟菌戊唑醇', '氟硅唑', '苯甲丙环唑']"
127-1,高温灼伤造成的，建议喷施益沛蔬复合微生物菌剂或阿泰灵等缓解。,[],['高温灼伤'],['微生物菌剂']
127-2,多考虑，天气变化。温度不适，根系吸收不良，或者用药，导致生理性症状，可用生物菌肥灌根养根，叶面芸苔素内酯喷雾缓解,[],[],"['生物菌肥', '芸苔素内酯']"
127-3,高温灼伤造成的，建议喷施益沛蔬复合微生物菌剂或阿泰灵等缓解。,[],['高温灼伤'],['微生物菌剂']
128-1,高温灼伤。可选用益沛蔬复合微生物菌剂或阿泰灵等喷施缓解。,[],['高温灼伤'],['微生物菌剂']
128-2,考虑温度不适或药害导致叶面可用碧护 + 磷酸二氢钾或氨基酸叶面肥调节,[],[],"['碧护', '+ 磷酸二氢钾', '氨基酸叶面肥']"
128-3,高温灼伤。可选用益沛蔬复合微生物菌剂或阿泰灵等喷施缓解。,[],['高温灼伤'],['微生物菌剂']
129-1,叶面喷施碧护或芸苔素内酯或腐植酸叶面肥。,[],[],"['碧护', '芸苔素内酯', '腐植酸叶面肥']"
129-2,不好缓解叶面可用碧护 + 磷酸二氢钾或氨基酸叶面肥调节,[],[],"['碧护', '+ 磷酸二氢钾', '氨基酸叶面肥']"
129-3,叶面喷施碧护或芸苔素内酯或腐植酸叶面肥。,[],[],"['碧护', '芸苔素内酯', '腐植酸叶面肥']"
130-1,多效唑残留药害。建议冲施益沛蔬复合微生物菌剂，利用微生物降解药残。,[],[],['微生物菌剂']
130-2,建议随水冲施腐殖酸 + 枯草芽孢杆菌，促进根系生长发育，叶面喷施碧护 + 磷酸二氢钾调节生长,[],['枯草芽孢杆菌'],"['碧护', '+ 磷酸二氢钾']"
130-3,多效唑残留药害。建议冲施益沛蔬复合微生物菌剂，利用微生物降解药残。,[],[],['微生物菌剂']
131-2,花芽分化发育不良造成的畸形果。,[],['畸形果'],[]
131-3,畸形果，肥水不均衡，氮肥过量，磷、钾肥不足，开花坐果时缺硼、钙元素，激素浓度使用不当等原因造成建议控制氮肥用量，增加磷、钾肥，叶面用碧护 + 速乐硼 + 鳌合钙喷施调节,[],"['畸形果过量', '缺硼']","['钾肥', '碧护', '+ 速乐硼', '+ 鳌合钙']"
132-1,炭疽病危害建议使用肟菌戊唑醇或氟硅唑或苯甲丙环唑防治,[],['炭疽病'],"['肟菌戊唑醇', '氟硅唑', '苯甲丙环唑']"
132-2,炭疽病，用咪鲜胺锰盐，苯甲溴菌腈，腐霉利，炭疽福美，溴菌腈，啶氧菌酯，吡唑醚菌酯喷雾防治。,[],['炭疽病疽'],"['咪鲜胺锰盐', '，苯甲溴菌腈', '，腐霉利', '，溴菌腈', '，啶氧菌酯', '，吡唑醚菌酯']"
132-3,炭疽病危害建议使用肟菌戊唑醇或氟硅唑或苯甲丙环唑防治,[],['炭疽病'],"['肟菌戊唑醇', '氟硅唑', '苯甲丙环唑']"
133-1,疫病危害使用银法利或克露或增威赢绿防治,[],['疫病危害'],['克露']
133-2,疫病用烯酰吗啉霜霉威防治,[],['疫病'],"['烯酰吗啉', '霜霉威']"
133-3,疫病危害使用银法利或克露或增威赢绿防治,[],['疫病危害'],['克露']
134-1,是疫病危害，使用霜霉威盐酸盐或者烯酰吗啉喷雾处理。,[],['疫病危害'],"['霜霉威盐酸盐', '烯酰吗啉']"
134-2,疫病危害，建议选用 68·75% 霜霉威盐·氟吡菌胺悬浮液剂 800 倍液、50% 烯酰吗啉可湿性粉剂 1000 倍液等喷施防治。,[],['疫病危害'],"['5% 霜霉威盐·氟吡菌胺烯酰吗啉', '湿性粉剂']"
134-3,是疫病危害，使用霜霉威盐酸盐或者烯酰吗啉喷雾处理。,[],['疫病危害'],"['霜霉威盐酸盐', '烯酰吗啉']"
135-1,生理性缺钙导致的脐腐病，可叶面喷施速乐硼，螯合钙，磷酸二氢钾调理,[],"['钙', '脐腐病']","['速乐硼', '，螯合钙', '，磷酸二氢钾']"
135-2,脐腐病危害，缺钙造成的。建议控制氮、钾肥施用量，以防影响钙的吸收与运转。喷施糖醇钙、氨基酸钙等防治。,[],"['脐腐病', '，缺钙']","['钾肥', '糖醇钙', '氨基']"
135-3,生理性缺钙导致的脐腐病，可叶面喷施速乐硼，螯合钙，磷酸二氢钾调理,[],"['钙', '脐腐病']","['速乐硼', '，螯合钙', '，磷酸二氢钾']"
136-1,根腐病，缺素，用恶霉灵加枯草芽孢杆菌灌墩，叶面喷施碧护和中微量元素。,[],"['根腐病', '枯草芽孢杆菌']","['恶霉灵', '碧护']"
136-2,根腐病 ，可以选用甲霜灵，或·恶霉灵、络氨铜、枯草芽孢杆菌，等药剂灌根防治，可加腐殖酸、氨基酸。,[],"['根腐病', '枯草芽孢杆菌']","['甲霜灵', '恶霉灵', '络氨铜', '氨基酸']"
136-3,根腐病，缺素，用恶霉灵加枯草芽孢杆菌灌墩，叶面喷施碧护和中微量元素。,[],"['根腐病', '枯草芽孢杆菌']","['恶霉灵', '碧护']"
137-1,考虑用药不当引起的药害，叶面喷施磷酸二氢钾加氨基酸叶面肥加芸苔素或者碧护缓解，或者喷施天达 2116 缓解。,[],['用药不当'],"['磷酸二氢钾', '氨基酸叶面肥', '碧护']"
137-2,叶斑病叶面喷施苯醚甲环唑加中生霉素防治,[],['叶斑病'],['苯醚甲环唑霉']
137-3,考虑用药不当引起的药害，叶面喷施磷酸二氢钾加氨基酸叶面肥加芸苔素或者碧护缓解，或者喷施天达 2116 缓解。,[],['用药不当'],"['磷酸二氢钾', '氨基酸叶面肥', '碧护']"
138-1,茎基腐病用甲霜恶霉灵枯草芽孢杆菌灌根,[],"['茎基腐病', '枯草芽孢杆菌']",['甲霜恶霉灵']
138-2,茎基腐病属于土传播疾病，由土壤中残留病菌传染导致建议用 25% 甲霜·霜霉威 125-187 克 / 亩喷雾50% 王铜·甲霜灵 100-125 克 / 亩喷雾56% 甲硫·恶霉灵 600-800 倍液灌根10 亿个 / 克枯草芽孢杆菌 150-200 克 / 亩喷雾20% 二氯异氰脲酸钠 300-400 倍液灌根30% 精甲·恶霉灵 15-18 毫升 / 亩喷雾3% 甲霜·恶霉灵 500-700 倍液灌根可以用以上药剂 + 生根剂喷淋茎杆灌根防治,[],"['茎基腐病', '枯草芽孢杆菌']","['% 甲霜·霜霉威王铜', '甲霜灵% 甲硫霉灵二氯钠霉灵% 甲霜霉灵根剂']"
138-3,茎基腐病属于土传播疾病，由土壤中残留病菌传染导致建议用 25% 甲霜·霜霉威 125-187 克 / 亩喷雾50% 王铜·甲霜灵 100-125 克 / 亩喷雾56% 甲硫·恶霉灵 600-800 倍液灌根10 亿个 / 克枯草芽孢杆菌 150-200 克 / 亩喷雾20% 二氯异氰脲酸钠 300-400 倍液灌根30% 精甲·恶霉灵 15-18 毫升 / 亩喷雾3% 甲霜·恶霉灵 500-700 倍液灌根可以用以上药剂 + 生根剂喷淋茎杆灌根防治,[],"['茎基腐病', '枯草芽孢杆菌']","['% 甲霜·霜霉威王铜', '甲霜灵% 甲硫霉灵二氯钠霉灵% 甲霜霉灵根剂']"
139-1,细菌性的穿孔病用喹啉铜或多抗霉素或琥胶肥酸铜或春雷霉素，中生菌素，用药做好二次稀释，现用现配,[],['病'],"['菌', '喹啉铜', '多抗霉素', '琥胶肥酸铜', '春雷霉素', '生菌素']"
139-2,炭疽病危害，建议选用苯醚甲环唑、溴菌腈、咪鲜胺、啶氧菌酯等喷施防治。,[],['炭疽病'],"['苯醚甲环唑', '溴菌腈', '咪鲜胺', '啶氧菌酯']"
139-3,细菌性的穿孔病用喹啉铜或多抗霉素或琥胶肥酸铜或春雷霉素，中生菌素，用药做好二次稀释，现用现配,[],['病'],"['菌', '喹啉铜', '多抗霉素', '琥胶肥酸铜', '春雷霉素', '生菌素']"
140-1,疑似早期虫害危害造成的副作用。,[],[],[]
140-2,您好，注意蓟马危害用吡虫啉，吡蚜蚨虫胺，螺虫乙酯，烯啶虫胺，啶虫脒，噻虫嗪，防治,[],['蓟马'],"['吡虫啉', '，螺虫乙酯', '，烯啶虫胺虫嗪']"
140-3,您好，注意蓟马危害用吡虫啉，吡蚜蚨虫胺，螺虫乙酯，烯啶虫胺，啶虫脒，噻虫嗪，防治,[],['蓟马'],"['吡虫啉', '，螺虫乙酯', '，烯啶虫胺虫嗪']"
141-1,炭疽病；防治方法：用溴菌腈，咪鲜胺，氟环唑，四氟醚唑，啶氧菌酯，苯甲·溴菌腈，苯醚甲环唑，醚菌酯，苯甲·醚菌酯防治,[],['炭疽病'],"['溴菌腈', '，咪鲜胺', '，氟环唑', '，四氟醚唑', '，啶氧菌酯苯甲·溴菌腈', '，苯醚甲环唑', '，醚菌酯苯甲·醚菌酯']"
141-2,炭疽病危害建议使用肟菌戊唑醇或氟硅唑或苯甲丙环唑防治,[],['炭疽病'],"['肟菌戊唑醇', '氟硅唑', '苯甲丙环唑']"
141-3,炭疽病；防治方法：用溴菌腈，咪鲜胺，氟环唑，四氟醚唑，啶氧菌酯，苯甲·溴菌腈，苯醚甲环唑，醚菌酯，苯甲·醚菌酯防治,[],['炭疽病'],"['溴菌腈', '，咪鲜胺', '，氟环唑', '，四氟醚唑', '，啶氧菌酯苯甲·溴菌腈', '，苯醚甲环唑', '，醚菌酯苯甲·醚菌酯']"
142-1,考虑土壤湿度过大或根系受损引起,[],['根系受损'],[]
142-2,考虑湿度过大引起，可以用高渗乙蒜素，或者氯溴异氰尿酸，春雷王铜，氢氧化铜春雷霉素复配,[],[],"['乙蒜素', '氯溴异氰尿酸', '，春雷王铜', '，氢氧化铜', '春雷霉素']"
142-3,考虑湿度过大引起，可以用高渗乙蒜素，或者氯溴异氰尿酸，春雷王铜，氢氧化铜春雷霉素复配,[],[],"['乙蒜素', '氯溴异氰尿酸', '，春雷王铜', '，氢氧化铜', '春雷霉素']"
143-1,肥水不均衡，土壤环境差，高氮缺硼钙元素导致,[],['硼'],[]
143-2,高氮缺硼，缺钙引起，严重缺硼造成的。建议注意均匀浇水，防止干旱诱发生理性缺硼，选用糖醇硼、速乐硼等喷施缓解。同时注意平衡用肥，控氮，提前补充速乐硼，糖醇钙喷雾。,[],"['硼', '，缺钙', '缺硼硼']","['速乐硼', '速乐硼', '，糖醇钙']"
143-3,肥水不均衡，土壤环境差，高氮缺硼钙元素导致,[],['硼'],[]
144-1,湿度太大，注意霜霉病用烯酰吗啉霜霉威防治,[],['霜霉病'],"['烯酰吗啉', '霜霉威']"
144-2,霜霉病危害，建议选用 68·75% 霜霉威盐·氟吡菌胺悬浮液剂 800 倍液、50% 烯酰吗啉可湿性粉剂 1000 倍液等喷施防治。,[],['霜霉病'],"['5% 霜霉威盐·氟吡菌胺烯酰吗啉', '湿性粉剂']"
144-3,湿度太大，注意霜霉病用烯酰吗啉霜霉威防治,[],['霜霉病'],"['烯酰吗啉', '霜霉威']"
145-1,用药不当导致的喷施碧护缓解,[],['用药不当'],['碧护']
145-2,用药不当或高温障碍，使用氨基酸或海藻酸叶面肥加云臺素内脂喷雾调理。加大通风力度。高温时段适当遮阴降温。,[],"['用药不当', '高温障碍']","['氨基酸', '海藻面肥']"
145-3,用药不当或高温障碍，使用氨基酸或海藻酸叶面肥加云臺素内脂喷雾调理。加大通风力度。高温时段适当遮阴降温。,[],"['用药不当', '高温障碍']","['氨基酸', '海藻面肥']"
146-1,用药不当导致的喷施碧护缓解,[],['用药不当'],['碧护']
146-2,用药不当，叶面喷施碧护或芸苔素内酯缓解。,[],['用药不当'],"['碧护', '芸苔素内酯']"
146-3,用药不当，叶面喷施碧护或芸苔素内酯缓解。,[],['用药不当'],"['碧护', '芸苔素内酯']"
147-1,缺硼肥钙肥，注意喷施螯合钙硼肥补充,[],['缺硼'],['螯合钙']
147-2,考虑温度，光照，用肥问题，或者土壤水分含量过低，等因素导致，建议合理增加光合作用，避免夜温过高，避免偏重钾肥，合理疏果，促进果子膨大，着色。,[],[],['钾肥']
147-3,考虑温度，光照，用肥问题，或者土壤水分含量过低，等因素导致，建议合理增加光合作用，避免夜温过高，避免偏重钾肥，合理疏果，促进果子膨大，着色。,[],[],['钾肥']
148-1,天气不正常，建议喷施益沛蔬复合微生物菌剂或阿泰灵等，提高抗逆性。,[],[],['微生物菌剂']
148-2,使用甲基硫菌灵＋苯醚甲环唑或者戊唑醇喷雾调理，平衡肥水供应。,[],[],"['甲基硫菌灵', '苯醚甲环唑', '戊唑醇']"
148-3,天气不正常，建议喷施益沛蔬复合微生物菌剂或阿泰灵等，提高抗逆性。,[],[],['微生物菌剂']
149-1,图片显示是施药不当造成的药害。可选用益沛蔬复合微生物菌剂或阿泰灵等喷施缓解。,[],['施药不当'],['微生物菌剂']
149-2,你好，这个情况考虑土壤环境差，早衰，根系吸收不良导致生理性黄化，可用枯草芽孢杆菌或者海藻肥，腐植酸灌根，叶面可用磷酸二氢钾或者碧护缓解。,[],"['，早衰', '枯草芽孢杆菌']","['海藻肥', '，腐植酸', '磷酸二氢钾', '碧护']"
149-3,图片显示是施药不当造成的药害。可选用益沛蔬复合微生物菌剂或阿泰灵等喷施缓解。,[],['施药不当'],['微生物菌剂']
150-1,考虑温度不适或土壤环境差，根系发育不良导致建议随水冲施腐殖酸 + 枯草芽孢杆菌，促进根系生长发育，叶面喷施碧护 + 磷酸二氢钾调节生长,[],['系发育不枯草芽孢杆菌'],"['碧护', '+ 磷酸二氢钾']"
150-2,主要是根系发育不良或受损伤造成吸收能力差。建议选用益沛蔬复合微生物菌剂或甲壳素等灌根，促进根系发育。,[],['根系发育不良'],"['微生物菌剂', '甲壳素']"
150-3,考虑温度不适或土壤环境差，根系发育不良导致建议随水冲施腐殖酸 + 枯草芽孢杆菌，促进根系生长发育，叶面喷施碧护 + 磷酸二氢钾调节生长,[],['系发育不枯草芽孢杆菌'],"['碧护', '+ 磷酸二氢钾']"
151-1,果实是脐腐病，缺钙引起，叶面喷施螯合钙。,[],"['脐腐病', '，缺钙']",['螯合钙']
151-2,生理性缺钙导致的脐腐病，可叶面喷施速乐硼，螯合钙，磷酸二氢钾调理,[],"['钙', '脐腐病']","['速乐硼', '，螯合钙', '，磷酸二氢钾']"
151-3,果实是脐腐病，缺钙引起，叶面喷施螯合钙。,[],"['脐腐病', '，缺钙']",['螯合钙']
152-1,蓟马为害，用乙基多杀霉素，螺虫乙酯，啶虫脒，烯啶虫胺，噻虫嗪喷雾防治。,[],['蓟马'],"['基多杀霉', '，螺虫乙酯', '，烯啶虫胺', '，噻虫嗪']"
152-2,图片显示是施药不当造成的药害。可选用益沛蔬复合微生物菌剂或阿泰灵等喷施缓解。,[],['施药不当'],['微生物菌剂']
152-3,蓟马为害，用乙基多杀霉素，螺虫乙酯，啶虫脒，烯啶虫胺，噻虫嗪喷雾防治。,[],['蓟马'],"['基多杀霉', '，螺虫乙酯', '，烯啶虫胺', '，噻虫嗪']"
153-1,考虑温度不适或药害导致叶面可用碧护 + 磷酸二氢钾或氨基酸叶面肥调节,[],[],"['碧护', '+ 磷酸二氢钾', '氨基酸叶面肥']"
153-2,高温灼伤或药害等外力损伤造成的，不是病菌性病害。可选用益沛蔬复合微生物菌剂或阿泰灵等喷施缓解。,[],['高温灼伤'],['微生物菌剂']
153-3,考虑温度不适或药害导致叶面可用碧护 + 磷酸二氢钾或氨基酸叶面肥调节,[],[],"['碧护', '+ 磷酸二氢钾', '氨基酸叶面肥']"
154-1,考虑刺吸口害虫咬伤，考虑高效氯氟氰菊酯，高氯噻虫嗪，联苯菊酯，联苯菊酯噻虫嗪，联苯菊酯噻虫胺，都可以用,[],[],"['氯氟氰菊酯氯虫嗪', '，联苯菊酯', '，联苯菊酯', '噻虫嗪', '，联苯菊酯']"
154-2,肥害或药害等外力损伤造成的，不是病菌性病害。可选用益沛蔬复合微生物菌剂或阿泰灵等喷施缓解。,[],['肥害'],['微生物菌剂']
154-3,考虑刺吸口害虫咬伤，考虑高效氯氟氰菊酯，高氯噻虫嗪，联苯菊酯，联苯菊酯噻虫嗪，联苯菊酯噻虫胺，都可以用,[],[],"['氯氟氰菊酯氯虫嗪', '，联苯菊酯', '，联苯菊酯', '噻虫嗪', '，联苯菊酯']"
155-1,冲施枯草芽孢杆菌叶面喷施碧护缓解,[],['枯草芽孢杆菌'],['碧护']
155-2,可以喷施碧护或芸苔素内酯。,[],[],"['碧护', '芸苔素内酯']"
155-3,建议随水冲施腐殖酸 + 枯草芽孢杆菌，促进根系生长发育，叶面喷施碧护 + 磷酸二氢钾调节生长,[],['枯草芽孢杆菌'],"['碧护', '+ 磷酸二氢钾']"
156-1,疑似用药不当或吸收有害物质造成的副作用。使用氨基酸或海藻酸叶面肥加芸苔素内酯喷雾调理。,[],['用药不当'],"['氨基酸', '海藻面肥苔']"
156-2,药害了叶面喷施碧护缓解,[],[],['碧护']
156-3,疑似用药不当或吸收有害物质造成的副作用。使用氨基酸或海藻酸叶面肥加芸苔素内酯喷雾调理。,[],['用药不当'],"['氨基酸', '海藻面肥苔']"
157-1,你好，打药没有？考虑用药不当药害引起，可用碧护或者阿泰灵或者芸苔素内酯，复配氨基酸叶面肥或者黄腐酸钾叶面肥，磷酸二氢钾，喷雾调节，连用二次,[],['用药不当'],"['碧护', '芸苔素内酯', '氨基酸叶面肥', '叶面肥', '，磷酸二氢钾']"
157-2,考虑温度不适或药害导致叶面可用碧护 + 磷酸二氢钾或氨基酸叶面肥调节,[],[],"['碧护', '+ 磷酸二氢钾', '氨基酸叶面肥']"
157-3,你好，打药没有？考虑用药不当药害引起，可用碧护或者阿泰灵或者芸苔素内酯，复配氨基酸叶面肥或者黄腐酸钾叶面肥，磷酸二氢钾，喷雾调节，连用二次,[],['用药不当'],"['碧护', '芸苔素内酯', '氨基酸叶面肥', '叶面肥', '，磷酸二氢钾']"
158-1,信息太少了考虑温度不适或药害导致叶面可用碧护 + 磷酸二氢钾或氨基酸叶面肥调节,[],[],"['碧护', '+ 磷酸二氢钾', '氨基酸叶面肥']"
159-1,温度不适或是用药不当导致的喷施碧护缓解,[],['用药不当'],['碧护']
159-2,疑似用药不当造成的副作用，使用氨基酸或海藻酸叶面肥加芸苔素内酯喷雾调理。,[],['用药不当'],"['氨基酸', '海藻面肥苔']"
160-1,叶面喷施碧护和磷酸二氢钾，注意平衡施肥。,[],[],"['碧护', '磷酸二氢钾']"
160-2,建议喷施糖醇硼 + 芸苔素内酯，促进花蕾发育。,[],[],['+ 芸苔素内酯']
161-1,用药不当，叶面喷施碧护或芸苔素内酯缓解。,[],['用药不当'],"['碧护', '芸苔素内酯']"
161-2,药害，可选用益沛蔬复合微生物菌剂或阿泰灵等喷施缓解。,[],[],['微生物菌剂']
162-1,考虑病毒病，主要由蓟马，飞虱，蚜虫等刺吸式害虫传毒引起，要及时防治蓟马灰飞虱异常危害，切断传毒媒介，可用毒氟磷，宁南霉素，氨基寡糖素，低壳聚糖，盐酸吗啉胍加吡蚜酮或者吡虫啉加硫酸锌喷雾防治。,[],"['病毒病', '蓟马虫', '刺吸式害虫', '蓟马', '灰飞虱']","['，宁南霉素基寡糖素', '，盐酸吗啉胍', '吡蚜酮', '吡虫啉', '硫酸']"
162-2,不象病毒病，似用药不当导致的，叶面喷施氨基酸十芸苔素调节。,[],"['病毒病', '用药不当']","['氨基酸', '十芸苔素']"
163-1,土壤环境差根系发育不良冲施腐殖酸枯草芽孢杆菌,[],"['根系发育不良', '枯草芽孢杆菌']",[]
163-2,主要是根系发育不良吸收能力差造成的。建议冲施益沛蔬复合微生物菌剂或甲壳素等，促进根系发育。,[],['根系发育不良'],"['微生物菌剂', '甲壳素']"
164-1,肥害或药害等外力损伤造成的，不是病菌性病害。可选用益沛蔬复合微生物菌剂或阿泰灵等喷施缓解。,[],['肥害'],['微生物菌剂']
164-2,你好，病斑很干净，考虑温度不适，考虑药害，气害灼伤导致生理性缺水，可用碧护或者芸苔素内酯，磷酸二氢钾，氨基酸叶面肥或者黄腐酸钾叶面肥喷雾缓解。,[],"['，病斑', '，气伤']","['碧护', '芸苔素内酯', '，磷酸二氢钾基酸叶面肥', '叶面肥']"
165-1,肥害或药害等外力损伤造成的，不是病菌性病害。可选用碧护或益沛蔬复合微生物菌剂喷施缓解。,[],['肥害'],"['碧护', '微生物菌剂']"
166-1,下面两瓶装的都是什么成份？另外王铜成份不建议混用其他药剂,[],[],[]
166-2,春雷王铜单独使用为宜。其它图片模糊不清，无法确定。,[],[],['春雷王铜']
167-1,用药不当，叶面喷施碧护或芸苔素内酯缓解。,[],['用药不当'],"['碧护', '芸苔素内酯']"
167-2,你好，打药没有？考虑用药不当药害引起，可用碧护或者阿泰灵或者芸苔素内酯，复配氨基酸叶面肥或者黄腐酸钾叶面肥，磷酸二氢钾，喷雾调节，连用二次,[],['用药不当'],"['碧护', '芸苔素内酯', '氨基酸叶面肥', '叶面肥', '，磷酸二氢钾']"
168-1,使用黄腐酸钾上喷下灌养根护叶进行调理。,[],[],[]
168-2,建议冲施益沛蔬复合微生物菌剂或甲壳素等，促进根系发育、茎叶生长。,[],[],"['微生物菌剂', '甲壳素']"
169-1,图片显示是施药不当造成的药害。可选用益沛蔬复合微生物菌剂或阿泰灵等喷施缓解。,[],['施药不当'],['微生物菌剂']
169-2,你好，个别考虑病毒病，防治可用氨基寡糖素，盐酸吗啉胍，宁南霉素，松脂酸铜，病毒 A 加上烯啶吡蚜酮，钝化病毒病，切断传播途径。,[],"['病毒病', '，钝化病']","['氨基寡糖素', '，盐酸吗啉胍', '，宁南霉素', '，松脂酸铜', '烯啶吡蚜酮']"
170-1,：蓟马危害，建议使用联苯菊酯或甲维盐或乙基多杀菌素或啶虫脒（低温效果不理想）等药物喷雾防治，具体用量参照包装说明使用。,[],['蓟马'],"['联苯菊酯', '乙基多杀菌素']"
170-2,蓟马危害，防烯啶虫胺，联苯菊酯，噻虫嗪，高氯，乙基多杀菌素。 艾美乐或者艾绿士或者特福利。,[],['蓟马'],"['烯啶虫胺', '，联苯菊酯', '，噻虫嗪', '，乙基多杀菌素']"
171-1,炭疽病危害，建议在发病初期使用甲基硫菌灵加苯咪甲环唑或戊唑醇或咪鲜胺锰盐喷雾防治。,[],['炭疽病初期'],"['甲基硫菌灵咪甲环唑', '戊唑醇', '咪鲜盐']"
171-2,炭疽病，用咪鲜胺锰盐，苯甲溴菌腈，腐霉利，炭疽福美，溴菌腈，啶氧菌酯，吡唑醚菌酯喷雾防治。,[],['炭疽病疽'],"['咪鲜胺锰盐', '，苯甲溴菌腈', '，腐霉利', '，溴菌腈', '，啶氧菌酯', '，吡唑醚菌酯']"
172-1,根系弱干旱严重了用恶霉灵枯草芽孢杆菌灌根喷施芸苔素氨基酸二氢钾,[],['枯草芽孢杆菌'],"['恶霉灵', '氨基酸二氢']"
172-2,主要是根系发育不良吸收能力差造成的。建议喷施益沛蔬复合微生物菌剂或甲壳素等促进根系发育。,[],['根系发育不良'],"['微生物菌剂', '甲壳素']"
173-1,考虑温度不适或药害导致叶面可用碧护 + 磷酸二氢钾或氨基酸叶面肥调节,[],[],"['碧护', '+ 磷酸二氢钾', '氨基酸叶面肥']"
173-2,高温灼伤或药害等外力损伤造成的，不是疫病危害。可选用益沛蔬复合微生物菌剂或阿泰灵等喷施缓解。,[],"['高温灼伤', '疫病危害']",['微生物菌剂']
174-1,肥水供应不平衡，氮肥使用过量造成的后果。,[],[],['，氮肥']
174-2,缺微肥，水肥供应不足引起,[],['供应不足'],['肥']
175-1,考虑温度不适或土壤盐渍化严重，根系发育不良及缺素导致早衰症状建议用腐植酸 + 甲霜恶霉灵 + 枯草芽孢杆菌灌根改良土壤环境，起到养根、护根、促进根系生长发育，结合叶面用碧护 + 磷酸二氢钾 + 中微量元素喷施缓解此症状,[],"['土壤盐渍化系发育不良', '缺致早衰', '+枯草芽孢杆菌']","['腐植酸', '+ 甲霜恶霉灵', '碧护', '+ 磷酸二氢钾']"
175-2,养分消耗大，光合作用弱，根系发育不良吸收障碍，植株营养供应不足引起的生理性黄叶，冲施腐殖酸肥或者生物菌肥养根，叶面喷施磷酸二氢钾加氨基酸叶面肥加芸苔素调理。,[],"['系发育不收障碍', '供应不足']","['生物菌肥', '磷酸二氢钾', '氨基酸叶面肥']"
176-1,根腐病或土壤环境差导致建议用腐植酸 + 甲霜恶霉灵 + 枯草芽孢杆菌灌根防治,[],"['根腐病', '+枯草芽孢杆菌']","['腐植酸', '+ 甲霜恶霉灵']"
177-1,生长调节剂类农药药害，可选用益沛蔬复合微生物菌剂喷施缓解效果很好。,[],[],['微生物菌剂']
177-2,考虑温度不适或根系发育不良导致建议随水冲施腐殖酸 + 枯草芽孢杆菌，促进根系生长发育，叶面喷施碧护 + 磷酸二氢钾调节生长,[],['根系发育不枯草芽孢杆菌'],"['碧护', '+ 磷酸二氢钾']"
178-1,苗期用腐植酸和平衡型水溶肥冲施，膨果期用高钾水溶肥冲施。,[],[],"['腐植酸溶肥', '水溶肥']"
178-2,底肥可用平衡型肥 + 腐熟农家肥或有机肥或腐植酸或海藻素促根生根活土壤前期可用平衡型肥料 + 腐殖酸花前喷施磷酸二氢钾 + 速乐硼 + 碧护 + 鳌合钙，可促进花芽分化，提高授粉率、增加坐果率膨果期冲施高钾水溶肥 ，配合叶喷施碧护或芸苔素 + 磷酸二氢钾有利于果实膨大,[],['+'],"[' 熟', '有机肥', '腐植酸', '海藻素', '磷酸二氢钾', '+ 速乐硼', '+ 碧护', '+ 鳌合钙', '水溶肥', '碧护', '+ 磷酸二氢钾']"
179-1,用药不当导致的喷施碧护缓解,[],['用药不当'],['碧护']
179-2,温度不适或药害导致叶面可用碧护 + 磷酸二氢钾或氨基酸叶面肥调节,[],[],"['碧护', '+ 磷酸二氢钾', '氨基酸叶面肥']"
180-1,绵疫病用先正达瑞凡，双炔酰菌胺 1500-2000 倍液先正达金雷，精甲霜锰锌 100-120 克 / 亩先正达杀毒矾，杀毒矾恶霜灵 + 代森锰锌 200-250 克 / 亩杜邦克露，霜脲锰锌 100-150 克 / 亩杜邦增威赢绿 2000-3000 倍液拜耳银法利 60-75 克 / 亩,[],['绵疫病'],"['，双炔酰菌胺甲霜锌', '杀毒矾', '，杀毒矾', '恶霜灵', '+ 代森锰锌', '克露', '，霜脲锰锌']"
180-2,辣椒疫病危害，可选用 10% 氰霜唑悬浮剂 200 倍液、58% 精甲霜·锰锌可湿性粉剂 600 倍液等喷施防治。,['辣椒'],['疫病危害'],"['氰霜唑% 甲霜·锰锌', '湿性粉剂']"
181-1,主要是根系发育不良吸收能力差造成的。建议喷施益沛蔬复合微生物菌剂或甲壳素等，促进根系发育。,[],['根系发育不良'],"['微生物菌剂', '甲壳素']"
181-2,考虑温度不适或药害导致叶面可用碧护 + 磷酸二氢钾或氨基酸叶面肥调节,[],[],"['碧护', '+ 磷酸二氢钾', '氨基酸叶面肥']"
182-1,叶甲类害虫，防治考虑高效氯氟氰菊酯，高氯噻虫嗪，联苯菊酯，联苯菊酯噻虫嗪，联苯菊酯噻虫胺，都可以用,[],[],"['氯氟氰菊酯氯虫嗪', '，联苯菊酯', '，联苯菊酯', '噻虫嗪', '，联苯菊酯']"
182-2,盲蝽象，建议选用烯啶虫胺 + 联苯菊酯、噻虫嗪 + 高效氯氟氰菊酯、螺虫乙酯等配合桔皮精油喷施防治。,[],['盲蝽象'],"['烯啶虫胺', '+ 联苯菊酯', '噻虫嗪', '+ 高效氯氟氰菊酯', '螺虫乙酯']"
183-1,用药不当引起的药害，叶面喷施磷酸二氢钾加氨基酸叶面肥加芸苔素或者碧护缓解,[],['用药不当'],"['磷酸二氢钾', '氨基酸叶面肥', '碧护']"
183-2,图片显示是施药不当造成的药害。可选用益沛蔬复合微生物菌剂或阿泰灵等喷施缓解。,[],['施药不当'],['微生物菌剂']
184-1,炭疽病疫病用苯醚甲环唑加烯酰吗啉霜霉威防治,[],"['炭疽病', '疫病']","['苯醚甲环唑', '烯酰吗啉', '霜霉威']"
184-2,温度不适喷药不当，喷施芸苔素氨基酸二氢钾肥，冲施腐殖酸枯草芽孢杆菌缓解生长,[],['枯草芽孢杆菌'],['氨基酸二氢']
185-1,个别株考虑病毒病，首先要防治蚜虫、白粉虱、蓟马、螨虫，可减少病毒病发生。可以选用盐酸吗啉呱，宁南霉素、吗呱乙酸铜、香茹多糖加功夫，阿维菌素，喷雾防治，间隔 5-7 天再喷一次，,[],"['病毒病', '蚜虫', '白粉虱', '蓟马', '螨虫', '病毒病']","['盐酸吗', '，宁南霉素', '乙酸铜维菌素']"
185-2,零星发生，考虑病毒病危害。,[],['病毒'],[]
187-1,平衡肥水供应，使用调环酸钙或磷酸二氢钾喷雾调理。尽量不使用多效唑。,[],[],"['调环酸钙', '磷酸二氢钾', '多效唑']"
187-2,有徒长迹象。可用磷酸二氢钾复配丙环唑，或者叶绿素铁，矮壮素，pbo，调换酸钙控旺。,[],[],"['磷酸二氢钾', '丙环唑']"
188-1,二图疫病用烯酰吗啉霜霉威防治,[],['疫病'],"['烯酰吗啉', '霜霉威']"
188-2,一图蓟马飞虱危害喷施功夫联苯菊酯防治,[],[],['联苯菊酯']
189-1,你好，考虑茎基腐病，防治可用精甲霜灵咯菌腈，枯草芽孢杆菌复配甲霜恶霉灵灌根淋根处理，连用二到三次，间隔五到七天，注意控水。,[],"['茎基腐病', '枯草芽孢杆菌']","['霜灵', '咯菌腈', '甲霜恶霉灵']"
189-2,用恶霉灵枯草芽孢杆菌灌根,[],['枯草芽孢杆菌'],['恶霉灵']
190-1,疫病叶面喷施普力克防治,[],['疫病'],[]
190-2,疫病用苯醚甲环唑 1000-1500 倍液，先正达阿米妙收，吡唑醚菌酯，750-1500 倍液，杜邦的阿砣，啶氧菌酯 1500-2000 倍液拜耳好力克，戊唑醇 3000-4000 倍液先正达好迪施，百菌清 100-150 克 / 亩,[],['疫病'],"['苯醚甲环唑', '，吡唑醚菌酯', '阿砣', '，啶氧菌酯', '，戊唑醇', '，百菌清']"
191-2,可以使用高钾肥或硝酸钾,[],[],"['钾肥', '硝酸钾']"
193-1,考虑温度不适或药害导致叶面可用碧护 + 磷酸二氢钾或氨基酸叶面肥调节,[],[],"['碧护', '+ 磷酸二氢钾', '氨基酸叶面肥']"
193-2,药害或温度异常气害叶面喷施碧护加氨基酸肥缓解,[],[],"['碧护', '氨基酸']"
194-2,建议冲施益沛蔬复合微生物菌剂或甲壳素等促进根系发育。,[],[],"['微生物菌剂', '甲壳素']"
195-1,疫病危害，建议选用 68·75% 霜霉威盐·氟吡菌胺悬浮液剂 800 倍液、50% 烯酰吗啉可湿性粉剂 1000 倍液等喷施防治。,[],['疫病危害'],"['5% 霜霉威盐·氟吡菌胺烯酰吗啉', '湿性粉剂']"
195-2,你好，注意疫病，防治可用烯酰吗啉，氟吗啉，霜霉威盐酸盐，霜脲锰锌，甲霜锰锌，增威赢绿，银法利，氰霜唑防治,[],['疫病'],"['烯酰吗啉', '，氟吗啉', '，霜霉威盐酸盐', '，霜脲锰锌甲霜锌', '，氰霜唑']"
196-1,叶面磷酸二氢钾调理就可以了，可以用高钾肥，增加辣味,[],[],"['磷酸二氢钾', '钾肥']"
196-2,可以用高钾水溶肥冲施。,[],[],['水溶肥']
197-1,用药不当导致的喷施碧护缓解,[],['用药不当'],['碧护']
197-2,如果大面积发生，考虑药害导致叶面可用碧护 + 磷酸二氢钾或氨基酸叶面肥调节,[],[],"['碧护', '+ 磷酸二氢钾', '氨基酸叶面肥']"
198-1,高温气害肥害引起，注意通风，喷施芸苔素氨基酸二氢钾冲施腐殖酸枯草芽孢杆菌,[],"['高温气害', '枯草芽孢杆菌']",['氨基酸二氢']
198-2,多考虑干旱小水就可以了，天气变化。温度不适，根系吸收不良，或者用药，导致生理性症状，可用生物菌肥灌根养根，叶面芸苔素内酯喷雾缓解,[],[],"['生物菌肥', '芸苔素内酯']"
199-1,像像叶斑病和药害引起,[],['叶斑病'],[]
199-2,炭疽病危害建议使用肟菌戊唑醇或氟硅唑或苯甲丙环唑防治,[],['炭疽病'],"['肟菌戊唑醇', '氟硅唑', '苯甲丙环唑']"
200-1,从图片直观分析，是施药不当造成的药害。可选用益沛蔬复合微生物菌剂或阿泰灵等喷施缓解。,[],['施药不当'],['微生物菌剂']
200-2,如果大面积发生，考虑温度不适或药害导致叶面可用碧护 + 磷酸二氢钾或氨基酸叶面肥调节,[],[],"['碧护', '+ 磷酸二氢钾', '氨基酸叶面肥']"
201-1,你好，注意疫病，防治可用烯酰吗啉，氟吗啉，霜霉威盐酸盐，霜脲锰锌，甲霜锰锌，增威赢绿，银法利，氰霜唑防治,[],['疫病'],"['烯酰吗啉', '，氟吗啉', '，霜霉威盐酸盐', '，霜脲锰锌甲霜锌', '，氰霜唑']"
201-2,疫病用烯酰吗啉，霜霉威防治,[],['疫病'],"['烯酰吗啉', '，霜霉威']"
202-1,炭疽病，可用甲硫·异菌脲、咪鲜·丙森锌、腈菌唑、肟菌·戊唑醇、唑醚·代森联、苯甲·嘧菌酯防治,[],['炭疽病'],"['硫·异菌脲鲜·森锌', '腈菌唑菌·戊唑醇森联甲·嘧菌酯']"
202-2,你好，注意炭疽病，防治可用，42·8% 氟菌肟菌酯 1500 倍液10% 苯醚甲环唑 1500 倍液25% 吡唑醚菌酯 1500 倍液75% 肟菌戊唑醇 4000/6000 倍液45% 咪鲜胺 750/1000 倍液22·5% 啶氧菌酯，也可以用咪鲜胺丙森锌，咪鲜胺异菌脲，吡唑醚菌酯。结合二氢钾或者氨基酸叶面肥交替用药,[],['炭疽病'],"['% 氟菌肟菌酯苯醚甲环唑% 吡唑醚菌酯', '75% 肟菌戊唑醇', '45% 咪鲜胺·5% 啶氧菌酯', '咪鲜胺', '丙森锌', '，咪鲜胺', '异菌脲', '，吡唑醚菌酯二氢', '氨基酸叶面肥']"
203-1,美洲斑潜蝇危害，可选用斑潜净或灭蝇胺等喷施防治。,[],['美洲斑潜蝇'],['灭蝇胺']
203-2,斑潜蝇危害，用灭蝇胺加阿维菌素加有机硅喷雾。或者阿维菌素加杀虫单有机硅喷雾防治。,[],['斑潜蝇'],"['灭蝇胺菌', '有机硅', '阿维菌素', '有机硅']"
204-1,多考虑，天气变化。温度不适，根系吸收不良，或者用药，导致生理性症状，可用生物菌肥灌根养根，叶面芸苔素内酯喷雾缓解,[],[],"['生物菌肥', '芸苔素内酯']"
204-2,温度不适或根系弱吸收不好导致，可用腐植酸，枯草芽孢杆菌灌根，促进根系生长，叶面喷施碧护，磷酸二氢钾缓解,[],['枯草芽孢杆菌'],"['腐植酸', '碧护', '，磷酸二氢钾']"
205-1,是脐腐病为害，叶面喷施效果好，可以用螯合钙。,[],['脐腐病'],['螯合钙']
205-2,日灼果，注意硼肥钙肥补充，注意遮阴通风,[],['灼果'],[]
206-1,温度异常叶面喷施碧护加氨基酸肥用恶霉灵加生根剂灌根,[],[],"['碧护', '氨基酸', '恶霉灵']"
206-2,辣椒 - 红蜘蛛，茶黄螨；病害表现：心叶向下卷曲，心叶发黑，成焦状；防治方法：5% 卡死克 1500 倍，阿维哒螨灵 2000 倍，阿维菌素 1500 倍杀卵，乙螨唑 2500 倍；注意事项：茶黄螨严重危害时必须连续打三次药,['辣椒'],"['红蜘蛛黄螨', '病害表现', '茶黄螨']","['维哒螨灵维菌素', '，乙螨唑']"
207-1,你好，注意疫病，防治可用烯酰吗啉，氟吗啉，霜霉威盐酸盐，霜脲锰锌，甲霜锰锌，增威赢绿，银法利，氰霜唑防治,[],['疫病'],"['烯酰吗啉', '，氟吗啉', '，霜霉威盐酸盐', '，霜脲锰锌甲霜锌', '，氰霜唑']"
207-2,疫病：用烯酰吗啉＋中生菌素，花叶病：盐酸吗啉胍，多抗霉素，寡糖素防治,[],['疫病'],"['烯酰吗啉', '生菌素', '盐酸吗啉胍', '，多抗霉素']"
208-1,蚜虫，用吡虫啉，吡蚜酮，噻虫嗪，烯啶虫胺，联苯菊酯，功夫喷雾防治。连续喷施 2 次，两样复配一起喷施，正反面喷施均匀,[],['蚜虫'],"['吡虫啉', '，吡蚜酮', '，噻虫嗪', '，烯啶虫胺', '，联苯菊酯']"
208-2,蚜虫为害，用吡虫啉，氟啶虫胺腈，噻虫嗪，烯啶虫胺，啶虫咪，氟啶虫酰胺，螺虫乙酯喷雾防治。,[],['蚜虫'],"['吡虫啉', '，噻虫嗪', '，烯啶虫胺', '，啶虫咪胺', '，螺虫乙酯']"
209-1,药害，可选用益沛蔬复合微生物菌剂或阿泰灵等喷施缓解。,[],[],['微生物菌剂']
209-2,用药不当导致的喷施碧护缓解,[],['用药不当'],['碧护']
210-1,可用肟菌戊唑醇，烯酰嘧菌酯，霜霉威防治,[],[],"['肟菌戊唑醇', '，烯酰嘧菌酯', '，霜霉威']"
210-2,可以用银法利和苯甲溴菌腈喷雾防治。,[],[],['苯甲溴菌腈']
210-3,辣椒疫病炭疽病混合发生，可以使用烯酰吗啉加啶酰菌胺防治,['辣椒'],"['疫病', '炭疽病']","['烯酰吗啉', '啶酰菌胺']"
211-1,考虑土壤盐渍化严重，根系发育不良导致症状建议用腐植酸 + 甲霜恶霉灵 + 枯草芽孢杆菌灌根改良土壤环境，结合叶面用碧护 + 磷酸二氢钾喷施缓解此症状,[],"['土壤盐渍化系发育不', '+枯草芽孢杆菌']","['腐植酸', '+ 甲霜恶霉灵', '碧护', '+ 磷酸二氢钾']"
212-1,药害斑。可选用益沛蔬复合微生物菌剂或阿泰灵等喷施缓解。,[],[],['微生物菌剂']
212-2,图片不清楚，有可能是白粉病为害。,[],['白粉病'],[]
212-3,药害斑。可选用益沛蔬复合微生物菌剂或阿泰灵等喷施缓解。,[],[],['微生物菌剂']
213-1,炭疽病危害建议使用肟菌戊唑醇或氟硅唑或苯甲丙环唑防治,[],['炭疽病'],"['肟菌戊唑醇', '氟硅唑', '苯甲丙环唑']"
213-2,炭疽病，发病初期 45％扑霉灵 EC1500－2000 倍或 50％施保功 WP2000 倍，225％阿砣（啶氧菌酯）1000 倍或 10％世高 WG1500 倍，75％拿地稳 EC3000－4000 倍或施保克 2000－3000 倍，50％美派安 WP500 倍或 25％凯润 EC2000 倍,[],"['炭疽病', '，发病初期']","['45％扑霉灵', '，225％阿砣', '啶氧菌酯']"
213-3,炭疽病危害建议使用肟菌戊唑醇或氟硅唑或苯甲丙环唑防治,[],['炭疽病'],"['肟菌戊唑醇', '氟硅唑', '苯甲丙环唑']"
214-1,脐腐病 - 这种情况是由于生理性缺钙造成建议叶面喷施氨基酸钙或糖醇钙 + 碧护 + 磷酸二氢钾喷雾调节防治,[],['脐腐病钙'],"['氨基', '糖醇钙', '+ 碧护', '+ 磷酸二氢钾']"
214-2,日灼斑和脐腐病为害，叶面喷施螯合钙。,[],['脐腐病'],['螯合钙']
214-3,脐腐病 - 这种情况是由于生理性缺钙造成建议叶面喷施氨基酸钙或糖醇钙 + 碧护 + 磷酸二氢钾喷雾调节防治,[],['脐腐病钙'],"['氨基', '糖醇钙', '+ 碧护', '+ 磷酸二氢钾']"
215-1,考虑药害导致叶面可用碧护 + 磷酸二氢钾或氨基酸叶面肥调节,[],[],"['碧护', '+ 磷酸二氢钾', '氨基酸叶面肥']"
215-2,多考虑，天气变化。温度不适，根系吸收不良，或者用药，导致生理性症状，可用生物菌肥灌根养根，叶面芸苔素内酯喷雾缓解,[],[],"['生物菌肥', '芸苔素内酯']"
215-3,考虑药害导致叶面可用碧护 + 磷酸二氢钾或氨基酸叶面肥调节,[],[],"['碧护', '+ 磷酸二氢钾', '氨基酸叶面肥']"
216-1,辣椒根腐病为害，用恶霉灵加枯草芽孢杆菌灌墩。,['辣椒'],"['根腐病', '枯草芽孢杆菌']",['恶霉灵']
216-3,辣椒根腐病为害，用恶霉灵加枯草芽孢杆菌灌墩。,['辣椒'],"['根腐病', '枯草芽孢杆菌']",['恶霉灵']
217-1,图片不清楚，新稍有疫病可能。,[],['疫病'],[]
217-2,疫病，用甲霜灵锰锌，烯酰吗啉，霜霉威盐酸盐，霜脲锰锌等防治。,[],['疫病'],"['甲霜灵', '锰锌', '，烯酰吗啉', '，霜霉威盐酸盐', '，霜脲锰锌']"
217-3,疫病，用甲霜灵锰锌，烯酰吗啉，霜霉威盐酸盐，霜脲锰锌等防治。,[],['疫病'],"['甲霜灵', '锰锌', '，烯酰吗啉', '，霜霉威盐酸盐', '，霜脲锰锌']"
218-1,根腐病用甲霜恶霉灵枯草芽孢杆菌灌根,[],"['根腐病', '枯草芽孢杆菌']",['甲霜恶霉灵']
218-2,茎基腐病属于土传播疾病，由土壤中残留病菌传染导致建议用 25% 甲霜·霜霉威 125-187 克 / 亩喷雾50% 王铜·甲霜灵 100-125 克 / 亩喷雾56% 甲硫·恶霉灵 600-800 倍液灌根10 亿个 / 克枯草芽孢杆菌 150-200 克 / 亩喷雾20% 二氯异氰脲酸钠 300-400 倍液灌根30% 精甲·恶霉灵 15-18 毫升 / 亩喷雾3% 甲霜·恶霉灵 500-700 倍液灌根可以用以上药剂 + 生根剂喷淋茎杆灌根防治,[],"['茎基腐病', '枯草芽孢杆菌']","['% 甲霜·霜霉威王铜', '甲霜灵% 甲硫霉灵二氯钠霉灵% 甲霜霉灵根剂']"
218-3,茎基腐病属于土传播疾病，由土壤中残留病菌传染导致建议用 25% 甲霜·霜霉威 125-187 克 / 亩喷雾50% 王铜·甲霜灵 100-125 克 / 亩喷雾56% 甲硫·恶霉灵 600-800 倍液灌根10 亿个 / 克枯草芽孢杆菌 150-200 克 / 亩喷雾20% 二氯异氰脲酸钠 300-400 倍液灌根30% 精甲·恶霉灵 15-18 毫升 / 亩喷雾3% 甲霜·恶霉灵 500-700 倍液灌根可以用以上药剂 + 生根剂喷淋茎杆灌根防治,[],"['茎基腐病', '枯草芽孢杆菌']","['% 甲霜·霜霉威王铜', '甲霜灵% 甲硫霉灵二氯钠霉灵% 甲霜霉灵根剂']"
219-1,枯萎病，可用噻菌铜，申嗪霉素，辛菌胺醋酸盐，甲硫福美双，噁霉稻瘟灵防治,[],['枯萎病'],"['噻菌铜', '，辛菌胺醋酸盐甲硫美双', '稻瘟灵']"
219-2,如果个别现象考虑青枯病危害建议使用噻唑锌或乙蒜素或中生菌素或喹啉铜、络氨铜喷施防治,[],['青枯'],"['噻唑锌', '乙蒜素', '生菌素', '喹啉铜', '络氨铜']"
219-3,枯萎病，可用噻菌铜，申嗪霉素，辛菌胺醋酸盐，甲硫福美双，噁霉稻瘟灵防治,[],['枯萎病'],"['噻菌铜', '，辛菌胺醋酸盐甲硫美双', '稻瘟灵']"
220-1,如果大面积发生，考虑温度不适或药害导致叶面可用碧护 + 磷酸二氢钾或氨基酸叶面肥调节,[],[],"['碧护', '+ 磷酸二氢钾', '氨基酸叶面肥']"
220-2,你好，注意疫病，防治可用烯酰吗啉，氟吗啉，霜霉威盐酸盐，霜脲锰锌，甲霜锰锌，增威赢绿，银法利，氰霜唑防治,[],['疫病'],"['烯酰吗啉', '，氟吗啉', '，霜霉威盐酸盐', '，霜脲锰锌甲霜锌', '，氰霜唑']"
220-3,如果大面积发生，考虑温度不适或药害导致叶面可用碧护 + 磷酸二氢钾或氨基酸叶面肥调节,[],[],"['碧护', '+ 磷酸二氢钾', '氨基酸叶面肥']"
221-2,考虑湿度过大引起，可以用高渗乙蒜素，或者氯溴异氰尿酸，春雷王铜，氢氧化铜春雷霉素复配,[],[],"['乙蒜素', '氯溴异氰尿酸', '，春雷王铜', '，氢氧化铜', '春雷霉素']"
221-3,考虑湿度过大引起，可以用高渗乙蒜素，或者氯溴异氰尿酸，春雷王铜，氢氧化铜春雷霉素复配,[],[],"['乙蒜素', '氯溴异氰尿酸', '，春雷王铜', '，氢氧化铜', '春雷霉素']"
222-1,考虑温度不适或药害导致叶面可用碧护 + 磷酸二氢钾或氨基酸叶面肥调节,[],[],"['碧护', '+ 磷酸二氢钾', '氨基酸叶面肥']"
222-2,多考虑，干旱小水就可以了，天气变化。温度不适，根系吸收不良，或者用药，导致生理性症状，可用生物菌肥灌根养根，叶面芸苔素内酯喷雾缓解,[],[],"['生物菌肥', '芸苔素内酯']"
222-3,考虑温度不适或药害导致叶面可用碧护 + 磷酸二氢钾或氨基酸叶面肥调节,[],[],"['碧护', '+ 磷酸二氢钾', '氨基酸叶面肥']"
223-1,高氮缺硼，缺钙引起严重缺硼造成的。建议注意均匀浇水，防止干旱诱发生理性缺硼，选用糖醇硼、速乐硼等喷施缓解。同时注意平衡用肥，控氮，提前补充速乐硼，糖醇钙喷雾。,[],"['硼', '，缺钙', '缺硼硼']","['速乐硼', '速乐硼', '，糖醇钙']"
223-2,氮肥过量，缺硼钙等元素，喷施糖醇钙，速乐硼，氨基酸钙，叶面用磷酸二氢钾、碧护及芸苔素可缓解,[],"['氮肥过量', '，缺硼']","['糖醇钙乐硼基', '磷酸二氢钾', '碧护', '芸苔素']"
223-3,高氮缺硼，缺钙引起严重缺硼造成的。建议注意均匀浇水，防止干旱诱发生理性缺硼，选用糖醇硼、速乐硼等喷施缓解。同时注意平衡用肥，控氮，提前补充速乐硼，糖醇钙喷雾。,[],"['硼', '，缺钙', '缺硼硼']","['速乐硼', '速乐硼', '，糖醇钙']"
224-1,辣椒炭疽病，疫病，灰霉病混合发生，可以使用啶酰菌胺加烯酰吗啉加凯泽防治,['辣椒'],['炭疽病病'],"['啶酰菌胺', '烯酰吗啉']"
224-2,你好，注意疫病，防治可用烯酰吗啉，氟吗啉，霜霉威盐酸盐，霜脲锰锌，甲霜锰锌，增威赢绿，银法利，氰霜唑防治,[],['疫病'],"['烯酰吗啉', '，氟吗啉', '，霜霉威盐酸盐', '，霜脲锰锌甲霜锌', '，氰霜唑']"
224-3,辣椒炭疽病，疫病，灰霉病混合发生，可以使用啶酰菌胺加烯酰吗啉加凯泽防治,['辣椒'],['炭疽病病'],"['啶酰菌胺', '烯酰吗啉']"
225-1,考虑低温冷害缺钙引起的生理性病害或者用药不当引起的药害，注意增加保温措施，叶面喷施磷酸二氢钾加氨基酸钙叶面肥加芸苔素调理,[],"['钙', '生理性', '用药不当']","['磷酸二氢钾', '氨基', '叶面肥苔']"
225-2,多考虑，天气变化。温度不适，根系吸收不良，或者用药，导致生理性症状，可用生物菌肥灌根养根，叶面芸苔素内酯喷雾缓解,[],[],"['生物菌肥', '芸苔素内酯']"
225-3,考虑低温冷害缺钙引起的生理性病害或者用药不当引起的药害，注意增加保温措施，叶面喷施磷酸二氢钾加氨基酸钙叶面肥加芸苔素调理,[],"['钙', '生理性', '用药不当']","['磷酸二氢钾', '氨基', '叶面肥苔']"
226-1,生理性缺钙导致脐腐病，可叶面喷施速乐硼，螯合钙，磷酸二氢钾调理,[],"['钙', '脐腐病']","['速乐硼', '，螯合钙', '，磷酸二氢钾']"
226-2,你好考虑日灼，因为高温干旱，缺少遮阳引起，可用糖醇钙，硫酸铜，螯合钙喷雾缓解改善。,[],[],"['糖醇钙', '，硫酸铜', '，螯合钙']"
226-3,生理性缺钙导致脐腐病，可叶面喷施速乐硼，螯合钙，磷酸二氢钾调理,[],"['钙', '脐腐病']","['速乐硼', '，螯合钙', '，磷酸二氢钾']"
227-1,叶面喷施氨基酸加磷酸二氢钾肥缓解,[],[],['氨基酸酸二氢钾']
227-2,主要是光合营养物质供应不足。建议喷施磷酸二氢钾 + 苯肽胺酸，调节水分和茎叶光合营养物质向果实运转。,[],['供应不足'],['磷酸二氢钾 ']
227-3,主要是光合营养物质供应不足。建议喷施磷酸二氢钾 + 苯肽胺酸，调节水分和茎叶光合营养物质向果实运转。,[],['供应不足'],['磷酸二氢钾 ']
228-1,霜霉病对口杀菌剂药效较好的有 80% 大生可湿性粉剂、58% 代森锰锌可湿性粉剂、72·2% 普力克、50% 安克、53% 雷多米尔、60% 灭克可湿性粉剂、52·5% 抑快净水分散粒剂、72% 霜疫清可湿性粉剂、75% 百菌清可湿性粉剂、50% 甲霜灵铜可湿性粉剂、72% 杜邦克露可湿性粉剂、25% 烯肟菌酯乳油、25% 阿米西达悬乳剂、69% 的安克锰锌可湿性粉剂,[],['霜霉病'],"['杀菌剂', '湿性粉剂', '代森锰锌', '湿性粉剂', '72·2% 普力克% 雷多米尔', '湿性粉剂', '72% 霜疫清', '湿性粉剂', '75% 百菌清', '湿性粉剂甲霜灵', '湿性粉剂', '克露', '湿性粉剂%肟菌酯锌', '湿性粉剂']"
228-2,霜霉病危害，建议在发病初期使用烯酰吗啉或霜脲锰锌或甲霜锰锌或银法利等药物轮换交替喷雾防治。具体用量参照包装说明使用。,[],['霜霉病初期'],"['烯酰吗啉', '霜脲锰锌霜锰锌']"
228-3,霜霉病对口杀菌剂药效较好的有 80% 大生可湿性粉剂、58% 代森锰锌可湿性粉剂、72·2% 普力克、50% 安克、53% 雷多米尔、60% 灭克可湿性粉剂、52·5% 抑快净水分散粒剂、72% 霜疫清可湿性粉剂、75% 百菌清可湿性粉剂、50% 甲霜灵铜可湿性粉剂、72% 杜邦克露可湿性粉剂、25% 烯肟菌酯乳油、25% 阿米西达悬乳剂、69% 的安克锰锌可湿性粉剂,[],['霜霉病'],"['杀菌剂', '湿性粉剂', '代森锰锌', '湿性粉剂', '72·2% 普力克% 雷多米尔', '湿性粉剂', '72% 霜疫清', '湿性粉剂', '75% 百菌清', '湿性粉剂甲霜灵', '湿性粉剂', '克露', '湿性粉剂%肟菌酯锌', '湿性粉剂']"
229-1,高温障碍造成的副作用，使用氨基酸或海藻酸叶面肥加云臺素内脂喷雾调理，加强肥水供应。,[],['高温障碍'],"['氨基酸', '海藻面肥']"
229-2,药害等生理性病害，叶面喷施氨基酸十芸苔素或碧护缓解。,[],['生理性'],"['氨基酸', '十芸苔素', '碧护']"
229-3,高温障碍造成的副作用，使用氨基酸或海藻酸叶面肥加云臺素内脂喷雾调理，加强肥水供应。,[],['高温障碍'],"['氨基酸', '海藻面肥']"
230-1,如果大面积发生，考虑温度不适或药害导致叶面可用碧护 + 磷酸二氢钾或氨基酸叶面肥调节,[],[],"['碧护', '+ 磷酸二氢钾', '氨基酸叶面肥']"
230-2,用药不当，叶面喷施碧护或芸苔素内酯缓解。,[],['用药不当'],"['碧护', '芸苔素内酯']"
230-3,如果大面积发生，考虑温度不适或药害导致叶面可用碧护 + 磷酸二氢钾或氨基酸叶面肥调节,[],[],"['碧护', '+ 磷酸二氢钾', '氨基酸叶面肥']"
231-1,脐腐病，缺钙引起，叶面喷施螯合钙。,[],"['脐腐病', '，缺钙']",['螯合钙']
231-2,脐腐病，缺钙导致的，叶面喷施氨基酸钙或螯合钙。,[],"['脐腐病', '，缺钙']","['氨基', '螯合钙']"
231-3,脐腐病，缺钙导致的，叶面喷施氨基酸钙或螯合钙。,[],"['脐腐病', '，缺钙']","['氨基', '螯合钙']"
232-1,激素药使用不当引起，喷施芸苔素氨基酸二氢钾缓解,[],[],"['苔', '氨基酸二氢']"
232-2,考虑温度不适或药害导致叶面可用碧护 + 磷酸二氢钾或氨基酸叶面肥调节,[],[],"['碧护', '+ 磷酸二氢钾', '氨基酸叶面肥']"
232-3,激素药使用不当引起，喷施芸苔素氨基酸二氢钾缓解,[],[],"['苔', '氨基酸二氢']"
233-1,僵蚜，是已经被蚜茧蜂寄生的蚜虫。,[],['蚜虫'],[]
233-2,蚜虫危害，可选用 50% 氟啶虫胺腈水分散剂 10000 倍液、75% 螺虫·吡蚜酮水分散剂 4000 倍液等喷施防治。,[],['蚜虫'],['% 螺虫蚜酮']
233-3,蚜虫危害，可选用 50% 氟啶虫胺腈水分散剂 10000 倍液、75% 螺虫·吡蚜酮水分散剂 4000 倍液等喷施防治。,[],['蚜虫'],['% 螺虫蚜酮']
234-1,辣椒疫病危害，可选用 10% 氰霜唑悬浮剂 200 倍液、58% 精甲霜·锰锌可湿性粉剂 600 倍液等喷施防治。,['辣椒'],['疫病危害'],"['氰霜唑% 甲霜·锰锌', '湿性粉剂']"
234-2,疫病危害使用银法利或克露或增威赢绿防治,[],['疫病危害'],['克露']
234-3,辣椒疫病危害，可选用 10% 氰霜唑悬浮剂 200 倍液、58% 精甲霜·锰锌可湿性粉剂 600 倍液等喷施防治。,['辣椒'],['疫病危害'],"['氰霜唑% 甲霜·锰锌', '湿性粉剂']"
235-1,有可能是蓟马为害，用乙基多杀霉素，螺虫乙酯，啶虫脒，烯啶虫胺，噻虫嗪喷雾防治。,[],['蓟马'],"['基多杀霉', '，螺虫乙酯', '，烯啶虫胺', '，噻虫嗪']"
235-2,薊马，病害表现：果实上有伤疤，心也卷曲。；防治方法：1·挂黄板，蓝板诱杀。2·抓虫朗 800-1200 倍，亩旺特 2500 倍，20% 的啶虫脒 1500 倍，杀虫环 1250 倍，艾绿士 1250 倍,[],['，病害表现'],['，杀虫']
235-3,有可能是蓟马为害，用乙基多杀霉素，螺虫乙酯，啶虫脒，烯啶虫胺，噻虫嗪喷雾防治。,[],['蓟马'],"['基多杀霉', '，螺虫乙酯', '，烯啶虫胺', '，噻虫嗪']"
236-1,用烯酰吗啉霜霉防治,[],[],['烯酰吗啉']
236-2,对疫病效果都不好，可以用代森锰锌。,[],['疫病'],['代森锰锌']
236-3,都不行！疫病危害使用银法利或克露或增威赢绿防治,[],['疫病危害'],['克露']
237-1,考虑湿度过大引起，可以用高渗乙蒜素，或者氯溴异氰尿酸，春雷王铜，氢氧化铜春雷霉素复配,[],[],"['乙蒜素', '氯溴异氰尿酸', '，春雷王铜', '，氢氧化铜', '春雷霉素']"
237-2,青苔，可用氯溴异氰尿酸，噻菌铜，乙蒜素，硫酸铜，松脂酸铜等药防治。,[],[],"['氯溴异氰尿酸', '，噻菌铜', '，乙蒜素', '，硫酸铜', '，松脂酸铜']"
237-3,考虑湿度过大引起，可以用高渗乙蒜素，或者氯溴异氰尿酸，春雷王铜，氢氧化铜春雷霉素复配,[],[],"['乙蒜素', '氯溴异氰尿酸', '，春雷王铜', '，氢氧化铜', '春雷霉素']"
238-1,脐腐病，也有炭疽病可能，叶面喷施苯甲溴菌腈和螯合钙。,[],"['脐腐病', '炭疽病']","['苯甲溴菌腈', '螯合钙']"
238-2,考虑是脐腐病，喷糖醇钙，鳌合钙调理，,[],['脐腐病'],"['糖醇钙', '，鳌合钙']"
238-3,脐腐病，也有炭疽病可能，叶面喷施苯甲溴菌腈和螯合钙。,[],"['脐腐病', '炭疽病']","['苯甲溴菌腈', '螯合钙']"
239-1,病毒病为害，用阿泰灵，毒氟磷喷雾防治。,[],['病毒病'],[]
239-2,茶黄螨危害，喷阿维菌素 + 乙螨唑 + 青皮桔油防治,[],['茶黄螨'],"['菌', '+ 乙螨唑']"
239-3,茶黄螨危害，喷阿维菌素 + 乙螨唑 + 青皮桔油防治,[],['茶黄螨'],"['菌', '+ 乙螨唑']"
240-1,主要是由于氮肥过大，磷钾不足导致营养过旺、以及肥水及光照不充足、缺硼、钙肥等原因都能引起此症状建议应减少氮肥使用量，增施磷钾，花前叶面用碧护＋速乐硼＋鳌合钙喷施调节促进花芽分化，提高坐果率,[],['缺硼'],"['碧护', '速乐硼', '鳌合钙']"
240-2,落花落果，温度不适，授粉不良，是缺微肥，旺长，干旱严重，都可引起落果，可以喷施氨基酸二轻钾肥补充，及时浇水冲施水溶肥。,[],[],"['肥', '氨基酸二轻', '水溶肥']"
240-3,主要是由于氮肥过大，磷钾不足导致营养过旺、以及肥水及光照不充足、缺硼、钙肥等原因都能引起此症状建议应减少氮肥使用量，增施磷钾，花前叶面用碧护＋速乐硼＋鳌合钙喷施调节促进花芽分化，提高坐果率,[],['缺硼'],"['碧护', '速乐硼', '鳌合钙']"
241-1,疫病危害使用银法利或克露或增威赢绿防治,[],['疫病危害'],['克露']
241-2,炭疽病危害，建议选用苯醚甲环唑、溴菌腈、咪鲜胺、啶氧菌酯等喷施防治。,[],['炭疽病'],"['苯醚甲环唑', '溴菌腈', '咪鲜胺', '啶氧菌酯']"
241-3,疫病危害使用银法利或克露或增威赢绿防治,[],['疫病危害'],['克露']
242-1,如果大面积发生，考虑药害导致叶面可用碧护 + 磷酸二氢钾或氨基酸叶面肥调节,[],[],"['碧护', '+ 磷酸二氢钾', '氨基酸叶面肥']"
242-2,叶面喷施碧护加氨基酸肥缓解缓解,[],[],"['碧护', '氨基酸']"
242-3,如果大面积发生，考虑药害导致叶面可用碧护 + 磷酸二氢钾或氨基酸叶面肥调节,[],[],"['碧护', '+ 磷酸二氢钾', '氨基酸叶面肥']"
243-1,看第一图感觉像是软腐病，可用防治细菌性病害的药尝试治疗,[],"['软腐病', '细菌性']",[]
243-2,辣椒被烟青虫为害后引发的软腐病，可以用氯虫苯甲酰胺，甲维盐，四氯虫酰胺喷雾防治。,['辣椒'],['软腐病'],['氯虫苯甲酰胺甲氯胺']
243-3,看第一图感觉像是软腐病，可用防治细菌性病害的药尝试治疗,[],"['软腐病', '细菌性']",[]
244-1,炭疽病危害建议使用肟菌戊唑醇或氟硅唑或苯甲丙环唑防治,[],['炭疽病'],"['肟菌戊唑醇', '氟硅唑', '苯甲丙环唑']"
244-2,炭疽病，用苯醚甲环唑，咪鲜胺，溴菌腈等防治。,[],['炭疽病'],"['苯醚甲环唑', '，咪鲜胺', '，溴菌腈']"
244-3,炭疽病危害建议使用肟菌戊唑醇或氟硅唑或苯甲丙环唑防治,[],['炭疽病'],"['肟菌戊唑醇', '氟硅唑', '苯甲丙环唑']"
245-1,疫病危害，建议选用 68·75% 霜霉威盐·氟吡菌胺悬浮液剂 800 倍液、50% 烯酰吗啉可湿性粉剂 1000 倍液等喷施防治。,[],['疫病危害'],"['5% 霜霉威盐·氟吡菌胺烯酰吗啉', '湿性粉剂']"
245-2,疫病用克露或烯酰吗啉或银法利,[],['疫病'],"['克露', '烯酰吗啉']"
245-3,疫病危害，建议选用 68·75% 霜霉威盐·氟吡菌胺悬浮液剂 800 倍液、50% 烯酰吗啉可湿性粉剂 1000 倍液等喷施防治。,[],['疫病危害'],"['5% 霜霉威盐·氟吡菌胺烯酰吗啉', '湿性粉剂']"
246-1,夜蛾类幼虫危害，钻蛀前可以四氯虫酰胺，茚虫威，氯虫苯甲酰胺，苏云金杆菌，康宽等复配甲维盐交替使用喷雾防治。,[],['夜蛾类'],"['氯胺', '，茚虫威', '，氯虫苯甲酰胺菌']"
246-2,虫子为害，用氯虫苯甲酰胺，苏云·虫酰肼，甲维·高氯，氟虫双酰胺，茚虫威，四氯虫酰胺喷雾防治。,[],[],"['氯虫苯甲酰胺酰肼', '，氟虫双酰胺', '，茚虫威氯胺']"
246-3,夜蛾类幼虫危害，钻蛀前可以四氯虫酰胺，茚虫威，氯虫苯甲酰胺，苏云金杆菌，康宽等复配甲维盐交替使用喷雾防治。,[],['夜蛾类'],"['氯胺', '，茚虫威', '，氯虫苯甲酰胺菌']"
247-1,图片不清楚，有可能是缺硼钙引起，叶面喷施速乐硼螯合钙。,[],['缺硼'],"['速乐硼', '螯合钙']"
247-2,考虑辣椒脐腐病， 缺钙所造成的 生理性病害。在开花结果期间，叶面喷施螯合钙、氨基酸钙或者糖醇钙加氨基酸叶面肥加芸苔素，能明显减轻脐腐病的发生和危害。,['辣椒'],"['脐腐病钙', '脐腐病']","['螯合钙', '氨基', '糖醇钙', '氨基酸叶面肥']"
247-3,图片不清楚，有可能是缺硼钙引起，叶面喷施速乐硼螯合钙。,[],['缺硼'],"['速乐硼', '螯合钙']"
248-1,你好，打药没有？考虑用药不当药害引起，可用碧护或者阿泰灵或者芸苔素内酯，复配氨基酸叶面肥或者黄腐酸钾叶面肥，磷酸二氢钾，喷雾调节，连用二次,[],['用药不当'],"['碧护', '芸苔素内酯', '氨基酸叶面肥', '叶面肥', '，磷酸二氢钾']"
248-2,不是病害，是生理性温度不适，气害药害等引起，喷药注意浓度，高温不要喷施药,[],[],[]
248-3,你好，打药没有？考虑用药不当药害引起，可用碧护或者阿泰灵或者芸苔素内酯，复配氨基酸叶面肥或者黄腐酸钾叶面肥，磷酸二氢钾，喷雾调节，连用二次,[],['用药不当'],"['碧护', '芸苔素内酯', '氨基酸叶面肥', '叶面肥', '，磷酸二氢钾']"
249-1,虫害。用氯虫苯甲酰胺，苏云·虫酰肼，甲维·高氯，氟虫双酰胺，茚虫威，四氯虫酰胺喷雾防治。,[],['虫害'],"['氯虫苯甲酰胺酰肼', '，氟虫双酰胺', '，茚虫威氯胺']"
249-2,考虑烟青虫，可用甲维盐虱螨脲，甲维盐茚虫威，氯虫苯甲酰胺，苏云金杆菌或者斜纹夜蛾多角体病毒，或者康宽或者普尊。,[],"['烟青虫', '斜纹夜蛾']","['虱螨脲甲', '茚虫威', '，氯虫苯甲酰胺菌']"
249-3,虫害。用氯虫苯甲酰胺，苏云·虫酰肼，甲维·高氯，氟虫双酰胺，茚虫威，四氯虫酰胺喷雾防治。,[],['虫害'],"['氯虫苯甲酰胺酰肼', '，氟虫双酰胺', '，茚虫威氯胺']"
250-1,叶片皱缩卷曲，考虑温度不适引起的生理性病害或者药害，注意增加保温措施，及时叶面喷施磷酸二氢钾加氨基酸叶面肥加芸苔素提高抗逆性，或者叶面喷施天达 2116 缓解。,[],['生理性'],"['磷酸二氢钾', '氨基酸叶面肥']"
250-2,你好，蓟马危害，烯啶虫胺，联苯菊酯，噻虫嗪，高氯，乙基多杀菌素。艾美乐或者艾绿士或者特福利。,[],['马'],"['，烯啶虫胺', '，联苯菊酯', '，噻虫嗪', '，乙基多杀菌素']"
250-3,叶片皱缩卷曲，考虑温度不适引起的生理性病害或者药害，注意增加保温措施，及时叶面喷施磷酸二氢钾加氨基酸叶面肥加芸苔素提高抗逆性，或者叶面喷施天达 2116 缓解。,[],['生理性'],"['磷酸二氢钾', '氨基酸叶面肥']"
251-1,炭疽病用苯醚甲环唑吡唑醚菌酯溴菌氰,[],['炭疽病'],['苯醚甲环唑吡唑醚菌酯溴菌氰']
251-2,辣椒 - 炭疽病；病害表现：果实上病斑近圆形，发生中心凹陷；防治方法：1，25% 嘧菌酯 1500 倍，50% 多菌灵 600 倍，70% 甲基托布津 800 倍，10% 苯醚甲环唑 1000 倍，75% 百菌清 600 倍，隔 7～10 天喷一次，连续喷 2 到 3 次。,['辣椒'],"['炭疽病', '病害表现', '病斑']","['25% 嘧菌酯', '，50% 多菌灵0% 甲基托布津苯醚甲环唑5% 百菌清']"
251-3,辣椒 - 炭疽病；病害表现：果实上病斑近圆形，发生中心凹陷；防治方法：1，25% 嘧菌酯 1500 倍，50% 多菌灵 600 倍，70% 甲基托布津 800 倍，10% 苯醚甲环唑 1000 倍，75% 百菌清 600 倍，隔 7～10 天喷一次，连续喷 2 到 3 次。,['辣椒'],"['炭疽病', '病害表现', '病斑']","['25% 嘧菌酯', '，50% 多菌灵0% 甲基托布津苯醚甲环唑5% 百菌清']"
252-1,药害引起喷施芸苔素氨基酸二氢钾,[],[],"['苔', '氨基酸二氢']"
252-2,温度不适，用药不当，叶面喷施碧护或芸苔素内酯缓解。,[],['药不当'],"['碧护', '芸苔素内酯']"
252-3,温度不适，用药不当，叶面喷施碧护或芸苔素内酯缓解。,[],['药不当'],"['碧护', '芸苔素内酯']"
253-1,蚜虫为害排泄的蜜露。及时防治蚜虫。,[],"['蚜虫', '蚜虫']",[]
253-2,您好，蚜虫危害用吡虫啉，吡蚜蚨虫胺，螺虫乙酯，烯啶虫胺，啶虫脒，噻虫嗪，防治,[],['虫'],"['吡虫啉', '，螺虫乙酯', '，烯啶虫胺虫嗪']"
253-3,您好，蚜虫危害用吡虫啉，吡蚜蚨虫胺，螺虫乙酯，烯啶虫胺，啶虫脒，噻虫嗪，防治,[],['虫'],"['吡虫啉', '，螺虫乙酯', '，烯啶虫胺虫嗪']"
254-1,炭疽病和疫病混合发生。用苯醚甲环唑，咪鲜胺锰盐，腐霉利，氟硅唑，啶氧菌酯，苯甲溴菌腈，吡唑嘧菌酯等加烯酰吗啉交替使用喷雾防治,[],"['炭疽病', '疫病']","['苯醚甲环唑', '，咪鲜盐', '，腐霉利', '，氟硅唑', '，啶氧菌酯', '，苯甲溴菌腈', '，吡唑嘧菌酯', '烯酰吗啉']"
254-2,辣椒疫病炭疽病，可以用银法利和苯甲溴菌腈喷雾防治。,['辣椒'],"['疫病', '炭疽病']",['苯甲溴菌腈']
254-3,炭疽病和疫病混合发生。用苯醚甲环唑，咪鲜胺锰盐，腐霉利，氟硅唑，啶氧菌酯，苯甲溴菌腈，吡唑嘧菌酯等加烯酰吗啉交替使用喷雾防治,[],"['炭疽病', '疫病']","['苯醚甲环唑', '，咪鲜盐', '，腐霉利', '，氟硅唑', '，啶氧菌酯', '，苯甲溴菌腈', '，吡唑嘧菌酯', '烯酰吗啉']"
255-1,你好，注意疫病，防治可用烯酰吗啉，氟吗啉，霜霉威盐酸盐，霜脲锰锌，甲霜锰锌，增威赢绿，银法利，氰霜唑防治,[],['疫病'],"['烯酰吗啉', '，氟吗啉', '，霜霉威盐酸盐', '，霜脲锰锌甲霜锌', '，氰霜唑']"
255-2,疫病，72·2％普力克 AS600 倍 77％可杀得 WP1000 倍 20％噻森铜 SC500 倍灌根中心周边植株或 5％科佳 1500 倍，66·8％霉多克 WP600 倍或 50％安克 WP2000 倍 50％施得益 WP500－600 倍百泰 EC1000 倍，52·5％抑快净 WG2000－3000 倍，40％疫霜灵 WP400 倍或 72％克露 WP1000 倍 25％凯润 EC2000 倍，64％杀毒矾 WP600 倍或 86·2％铜大师 WP2000 倍或 80％疫霜灵 WP700 倍，68％金雷多米尔 WP1000 倍,[],['疫病'],['得％霉多灵2％克露％杀毒矾灵']
255-3,你好，注意疫病，防治可用烯酰吗啉，氟吗啉，霜霉威盐酸盐，霜脲锰锌，甲霜锰锌，增威赢绿，银法利，氰霜唑防治,[],['疫病'],"['烯酰吗啉', '，氟吗啉', '，霜霉威盐酸盐', '，霜脲锰锌甲霜锌', '，氰霜唑']"
256-2,温度不适，用药不当，叶面喷施碧护或芸苔素内酯缓解。,[],['药不当'],"['碧护', '芸苔素内酯']"
256-3,温度不适，用药不当，叶面喷施碧护或芸苔素内酯缓解。,[],['药不当'],"['碧护', '芸苔素内酯']"
257-1,可以使用咯菌腈拌种处理。,[],[],['咯菌腈']
257-2,药剂浸种: 用 50% 多菌灵可湿性粉剂或福美双拌种，用药量为种子的 0·2% 至 0·3%。,[],[],"[' 多菌灵', '湿性粉剂', '福美双']"
257-3,药剂浸种: 用 50% 多菌灵可湿性粉剂或福美双拌种，用药量为种子的 0·2% 至 0·3%。,[],[],"[' 多菌灵', '湿性粉剂', '福美双']"
258-1,可用腐植酸，枯草芽孢杆菌灌根，促进根系生长，叶面喷施碧护，磷酸二氢钾缓解,[],['枯草芽孢杆菌'],"['腐植酸', '碧护', '，磷酸二氢钾']"
258-2,多考虑，天气变化。温度不适，根系吸收不良，或者用药导致生理性症状，可用生物菌肥灌根养根，叶面芸苔素内酯喷雾缓解,[],[],"['生物菌肥', '芸苔素内酯']"
258-3,可用腐植酸，枯草芽孢杆菌灌根，促进根系生长，叶面喷施碧护，磷酸二氢钾缓解,[],['枯草芽孢杆菌'],"['腐植酸', '碧护', '，磷酸二氢钾']"
259-1,图片显示是施药不当造成的药害。可选用益沛蔬复合微生物菌剂或阿泰灵等喷施缓解。,[],['施药不当'],['微生物菌剂']
259-2,温度不适喷药不当引起喷施芸苔素氨基酸，冲施腐殖酸枯草芽孢杆菌,[],['枯草芽孢杆菌'],['氨基酸']
259-3,图片显示是施药不当造成的药害。可选用益沛蔬复合微生物菌剂或阿泰灵等喷施缓解。,[],['施药不当'],['微生物菌剂']
260-1,辣椒疫病危害，可选用 10% 氰霜唑悬浮剂 200 倍液、58% 精甲霜·锰锌可湿性粉剂 600 倍液等喷施防治。,['辣椒'],['疫病危害'],"['氰霜唑% 甲霜·锰锌', '湿性粉剂']"
260-2,你好，注意疫病，防治可用烯酰吗啉，氟吗啉，霜霉威盐酸盐，霜脲锰锌，甲霜锰锌，增威赢绿，银法利，氰霜唑防治,[],['疫病'],"['烯酰吗啉', '，氟吗啉', '，霜霉威盐酸盐', '，霜脲锰锌甲霜锌', '，氰霜唑']"
260-3,辣椒疫病危害，可选用 10% 氰霜唑悬浮剂 200 倍液、58% 精甲霜·锰锌可湿性粉剂 600 倍液等喷施防治。,['辣椒'],['疫病危害'],"['氰霜唑% 甲霜·锰锌', '湿性粉剂']"
